노선,역A,역B,인원
2호선 본선,교대,서초,339368.2
2호선 본선,시청,충정로,339145.2
2호선 본선,낙성대,사당,331657.2
2호선 본선,방배,사당,330830.5
2호선 본선,방배,서초,329573.6
2호선 본선,강남,역삼,328959.5
2호선 본선,아현,충정로,323484.9
3호선,안국,종로3가,323395.5
2호선 본선,낙성대,서울대입구,320206.8
2호선 본선,강남,교대,320051.0
2호선 본선,아현,이대,317262.0
2호선 본선,을지로3가,을지로입구,315217.2
2호선 본선,신촌,홍대입구,315019.1
2호선 본선,신촌,이대,315006.0
2호선 본선,문래,영등포구청,314480.9
2호선 본선,상왕십리,신당,314027.1
2호선 본선,봉천,서울대입구,312274.7
2호선 본선,상왕십리,왕십리,312040.3
2호선 본선,동대문역사문화공원,신당,310366.7
2호선 본선,시청,을지로입구,307946.6
7호선,남구로,대림,307002.3
2호선 본선,봉천,신림,306239.8
2호선 본선,문래,신도림,306000.2
2호선 본선,선릉,역삼,304818.7
4호선,동대문,동대문역사문화공원,301775.0
2호선 본선,을지로3가,을지로4가,301747.4
2호선 본선,당산,합정,296704.0
2호선 본선,동대문역사문화공원,을지로4가,293482.0
1호선,가산디지털단지,독산,293303.4
4호선,동대문,혜화,288221.6
7호선,가산디지털단지,남구로,287438.4
2호선 본선,당산,영등포구청,282126.2
7호선,논현,학동,277670.9
2호선 본선,합정,홍대입구,276232.7
7호선,강남구청,학동,275833.7
수인분당선,강남구청,선정릉,275626.2
7호선,건대입구,어린이대공원,274565.7
2호선 본선,구로디지털단지,대림,272997.3
2호선 본선,대림,신도림,269275.1
3호선,을지로3가,종로3가,267897.4
7호선,군자,어린이대공원,264597.3
3호선,경복궁,안국,263127.2
7호선,군자,중곡,261843.4
2호선 본선,왕십리,한양대,261022.3
3호선,고속터미널,교대,259438.5
2호선 본선,구로디지털단지,신대방,259234.5
2호선 본선,신대방,신림,258518.8
1호선,금천구청,독산,257370.4
7호선,고속터미널,반포,256847.5
7호선,논현,반포,254512.2
7호선,강남구청,청담,253909.4
2호선 본선,뚝섬,한양대,249995.1
3호선,신사,압구정,249526.6
7호선,건대입구,자양,248622.3
5호선 본선,공덕,마포,248553.0
1호선,구로,신도림,248465.3
3호선,압구정,옥수,245739.4
7호선,자양,청담,244083.7
5호선 본선,여의나루,여의도,243921.0
7호선,용마산,중곡,243890.4
4호선,한성대입구,혜화,243556.1
2호선 본선,삼성,선릉,241583.9
7호선,남성,총신대입구,240171.7
5호선 본선,마포,여의나루,240093.9
7호선,고속터미널,내방,239094.6
5호선 본선,애오개,충정로,238972.1
3호선,경복궁,독립문,238968.8
2호선 본선,뚝섬,성수,238763.6
5호선 본선,공덕,애오개,238179.9
7호선,이수,총신대입구,236583.7
3호선,교대,남부터미널,235558.8
7호선,내방,이수,235185.8
3호선,금호,약수,234770.2
2호선 본선,건대입구,성수,234346.1
3호선,을지로3가,충무로,234304.4
3호선,금호,옥수,233450.2
4호선,동대문역사문화공원,충무로,232990.7
2호선 본선,삼성,종합운동장,232622.6
7호선,사가정,용마산,232288.4
5호선 본선,광화문,종로3가,232163.7
2호선 본선,건대입구,구의,231802.5
5호선 본선,양평,영등포구청,230949.8
4호선,명동,충무로,228037.5
7호선,남성,숭실대입구,227853.8
1호선,가산디지털단지,구로,226823.4
3호선,독립문,무악재,226626.5
5호선 본선,광화문,서대문,225843.0
4호선,성신여대입구,한성대입구,223731.5
7호선,면목,사가정,223605.9
5호선 본선,마장,왕십리,222510.5
3호선,동대입구,충무로,222288.1
5호선 본선,군자,아차산,221747.1
5호선 본선,서대문,충정로,221115.7
4호선,명동,회현,220752.3
2호선 본선,강변,구의,220689.2
7호선,상도,숭실대입구,219077.0
3호선,무악재,홍제,218257.2
2호선 본선,잠실,잠실나루,217211.6
4호선,서울,회현,216851.2
7호선,가산디지털단지,철산,215575.3
7호선,면목,상봉,215175.8
3호선,동대입구,약수,214126.1
2호선 본선,강변,잠실나루,213856.8
5호선 본선,답십리,마장,213438.2
7호선,상도,장승배기,212603.4
5호선 본선,신길,여의도,212476.5
5호선 본선,양평,오목교,211657.1
수인분당선,선릉,선정릉,211100.3
1호선,금천구청,석수,209142.9
수인분당선,선릉,한티,208784.4
7호선,신대방삼거리,장승배기,207807.1
3호선,녹번,홍제,207349.9
5호선 본선,광나루,아차산,207268.1
7호선,광명사거리,철산,206723.1
7호선,보라매,신대방삼거리,205770.0
3호선,고속터미널,잠원,205002.2
5호선 본선,답십리,장한평,204135.1
9호선,샛강,여의도,203866.4
7호선,광명사거리,천왕,201657.7
7호선,보라매,신풍,201476.0
9호선,고속터미널,신반포,201393.1
5호선 본선,동대문역사문화공원,을지로4가,201302.5
3호선,신사,잠원,200533.5
7호선,대림,신풍,200472.2
3호선,녹번,불광,199215.5
9호선,구반포,동작,198954.2
9호선,구반포,신반포,197625.1
5호선 본선,군자,장한평,196673.1
5호선 본선,광나루,천호,196487.2
1호선,신길,영등포,196335.0
9호선,당산,선유도,196179.0
5호선 본선,목동,오목교,195895.5
4호선,길음,성신여대입구,195244.4
1호선,관악,석수,194932.2
9호선,동작,흑석,194784.6
2호선 본선,잠실,잠실새내,194663.2
5호선 본선,을지로4가,종로3가,193662.0
9호선,노들,노량진,193541.6
9호선,노들,흑석,193296.7
신분당선,양재,양재시민의숲,192506.5
2호선 본선,잠실새내,종합운동장,191301.5
5호선 본선,신금호,청구,190630.4
5호선 본선,동대문역사문화공원,청구,190325.2
7호선,온수,천왕,189239.6
1호선,관악,안양,188517.3
4호선,삼각지,이촌,188282.8
5호선 본선,강동,천호,188279.8
3호선,남부터미널,양재,188069.6
4호선,서울,숙대입구,187914.5
5호선 본선,신금호,행당,186741.5
1호선,신도림,영등포,185632.2
5호선 본선,목동,신정,185377.6
5호선 본선,왕십리,행당,185152.8
수인분당선,도곡,한티,184239.0
9호선,선유도,신목동,182018.8
9호선,노량진,샛강,181234.9
4호선,길음,미아사거리,180435.9
5호선 본선,신길,영등포시장,179467.9
신분당선,강남,양재,179241.6
수인분당선,강남구청,압구정로데오,178295.2
4호선,삼각지,숙대입구,177754.2
1호선,명학,안양,176409.0
수인분당선,구룡,도곡,176184.6
9호선,국회의사당,여의도,175975.2
3호선,매봉,양재,175211.8
1호선,금정,명학,174585.3
5호선 본선,까치산,신정,174036.8
수인분당선,서울숲,왕십리,173188.3
수인분당선,가천대,복정,172163.6
5호선 본선,영등포구청,영등포시장,170734.6
1호선,동대문,동묘앞,170357.3
수인분당선,서울숲,압구정로데오,170329.2
3호선,불광,연신내,168270.1
수인분당선,가천대,태평,167623.2
9호선,국회의사당,당산,167347.3
수인분당선,개포동,구룡,167163.3
9호선,신목동,염창,166969.5
1호선,동묘앞,신설동,165661.3
4호선,미아,미아사거리,163692.7
3호선,도곡,매봉,163259.7
1호선,용산,이촌,162003.3
신분당선,양재시민의숲,청계산입구,160642.3
수인분당선,모란,태평,159329.7
1호선,종로3가,종로5가,159215.4
1호선,동대문,종로5가,158422.4
수인분당선,개포동,대모산입구,158336.9
신분당선,강남,신논현,157050.9
수인분당선,모란,야탑,156413.3
6호선,동묘앞,신당,155698.2
수인분당선,야탑,이매,153839.9
9호선,등촌,염창,153553.6
5호선 본선,강동,길동,153385.1
3호선,구파발,연신내,153082.0
4호선,미아,수유,152984.1
수인분당선,복정,수서,152834.6
1호선,역곡,온수,152537.6
수인분당선,대모산입구,수서,152305.7
6호선,동묘앞,창신,151143.2
1호선,소사,역곡,150378.3
1호선,왕십리,청량리,149412.7
5호선 본선,까치산,화곡,149082.2
6호선,망원,합정,148608.5
1호선,신설동,제기동,148337.4
1호선,제기동,청량리,147632.9
1호선,노량진,대방,147554.4
1호선,대방,신길,146050.2
4호선,신용산,이촌,145301.8
4호선,수유,쌍문,141028.8
1호선,청량리,회기,140664.7
수인분당선,서현,이매,139597.9
7호선,상봉,중화,139559.8
6호선,보문,창신,138174.8
9호선,등촌,증미,137030.3
신분당선,청계산입구,판교,135494.7
1호선,노량진,용산,133730.4
7호선,먹골,중화,133468.4
3호선,대치,도곡,133147.8
3호선,구파발,지축,130369.1
7호선,먹골,태릉입구,130134.1
5호선 본선,굽은다리,길동,129804.1
수인분당선,서현,수내,128350.4
4호선,금정,범계,128075.6
6호선,보문,안암,127611.4
5호선 본선,우장산,화곡,127491.8
1호선,외대앞,회기,127415.1
6호선,마포구청,망원,125126.4
4호선,동작,신용산,124566.0
9호선,가양,증미,124271.5
7호선,공릉,태릉입구,122879.0
4호선,쌍문,창동,122406.6
3호선,삼송,지축,119505.8
6호선,신당,청구,119404.2
인천국제공항선,김포공항,마곡나루,118256.3
인천국제공항선,디지털미디어시티,마곡나루,117661.4
8호선,석촌,송파,117582.6
6호선,고려대,안암,117580.4
8호선,석촌,잠실,117121.7
6호선,공덕,대흥,116876.8
3호선,대치,학여울,114898.3
6호선,마포구청,월드컵경기장,114480.0
수인분당선,수내,정자,113851.8
7호선,공릉,하계,113192.4
신분당선,논현,신논현,113161.6
우이신설선,성신여대입구,정릉,113146.8
서해선,김포공항,원종,112258.1
6호선,약수,청구,112150.7
수인분당선,미금,정자,111839.7
경의중앙선,가좌,홍대입구,110810.4
9호선,가양,양천향교,110794.8
8호선,가락시장,문정,110641.2
6호선,광흥창,대흥,110460.3
6호선,상수,합정,110444.6
8호선,가락시장,송파,110242.1
1호선,신이문,외대앞,110177.7
신분당선,정자,판교,108759.1
1호선,왕십리,응봉,108461.0
6호선,삼각지,효창공원앞,108217.7
6호선,디지털미디어시티,증산,108101.7
5호선 본선,굽은다리,명일,108070.3
서해선,부천종합운동장,원종,107820.8
수인분당선,미금,오리,107533.0
6호선,광흥창,상수,107351.1
9호선,삼전,종합운동장,107015.9
1호선,옥수,한남,106949.8
6호선,고려대,월곡,105268.2
1호선,서빙고,이촌,105013.5
5호선 본선,발산,우장산,104901.5
3호선,삼송,원흥,104195.1
6호선,디지털미디어시티,월드컵경기장,104183.0
7호선,중계,하계,103314.1
1호선,옥수,응봉,103157.3
1호선,서빙고,한남,102795.2
수인분당선,오리,죽전,102186.8
인천지하철 1호선,동수,부평,102062.6
6호선,공덕,효창공원앞,101546.2
5호선 본선,마곡,발산,101350.7
1호선,종각,종로3가,100794.6
1호선,광운대,석계,100398.4
1호선,석계,신이문,100166.1
신분당선,동천,미금,99843.9
4호선,동작,총신대입구,99500.4
4호선,범계,평촌,98992.5
경의중앙선,가좌,디지털미디어시티,98928.8
3호선,대청,학여울,98659.1
9호선,마곡나루,양천향교,97761.0
6호선,새절,증산,97367.1
인천국제공항선,디지털미디어시티,홍대입구,97315.9
1호선,방학,창동,97185.5
인천지하철 1호선,부평,부평시장,96919.7
우이신설선,북한산보국문,정릉,96804.6
5호선 본선,마곡,송정,96797.4
수인분당선,구성,신갈,96082.2
수인분당선,보정,죽전,96082.2
수인분당선,구성,보정,96082.2
4호선,금정,산본,96021.9
경의중앙선,디지털미디어시티,수색,95893.5
1호선,부천,소사,95730.9
6호선,상월곡,월곡,95529.2
9호선,삼성중앙,선정릉,94787.9
7호선,노원,중계,94186.4
5호선 본선,김포공항,송정,94073.2
5호선 본선,고덕,명일,93634.1
3호선,대청,일원,93549.9
인천지하철 1호선,예술회관,인천시청,93455.5
인천지하철 1호선,예술회관,인천터미널,93455.5
인천지하철 1호선,부평구청,부평시장,92929.6
수인분당선,기흥,신갈,92921.1
9호선,봉은사,삼성중앙,90793.4
9호선,봉은사,종합운동장,90713.9
서해선,부천종합운동장,소사,90622.5
4호선,산본,수리산,90343.3
인천지하철 1호선,동수,부평삼거리,90279.0
인천지하철 1호선,간석오거리,인천시청,90279.0
인천지하철 1호선,간석오거리,부평삼거리,90279.0
신림선,서원,신림,90229.7
7호선,부천종합운동장,춘의,90204.4
6호선,새절,응암,89051.7
인천지하철 1호선,문학경기장,인천터미널,88956.9
8호선,문정,장지,88606.7
6호선,돌곶이,상월곡,88065.3
3호선,가락시장,수서,87706.7
1호선,광운대,월계,87324.9
9호선,삼전,석촌고분,87185.8
신분당선,동천,수지구청,86698.3
6호선,버티고개,약수,86684.0
3호선,원당,원흥,86181.5
우이신설선,북한산보국문,솔샘,86179.4
4호선,사당,총신대입구,86050.2
3호선,수서,일원,84701.8
1호선,부천,중동,84450.9
6호선,역촌,응암,84428.8
경춘선,망우,신내,84073.9
1호선,도봉,방학,83894.7
1호선,망월사,회룡,83672.7
1호선,도봉산,망월사,83672.7
6호선,불광,역촌,83659.1
9호선,고속터미널,사평,83467.7
6호선,버티고개,한강진,83355.5
1호선,시청,종각,83226.9
경의중앙선,강매,한국항공대,83005.7
경의중앙선,능곡,행신,83005.7
경의중앙선,수색,한국항공대,83005.7
경의중앙선,강매,행신,83005.7
인천지하철 1호선,문학경기장,선학,82984.6
경춘선,갈매,신내,82850.1
8호선,몽촌토성,잠실,82026.2
6호선,이태원,한강진,81926.7
9호선,마곡나루,신방화,81770.0
경의중앙선,서강대,홍대입구,81493.5
6호선,녹사평,이태원,81437.1
6호선,녹사평,삼각지,81410.7
경춘선,갈매,별내,81173.7
경의중앙선,능곡,대곡,80620.7
5호선 본선,고덕,상일동,80429.7
1호선,녹천,월계,80130.5
6호선,돌곶이,석계,79720.4
1호선,송내,중동,79578.0
1호선,부개,송내,79578.0
경춘선,사릉,퇴계원,79486.8
경춘선,별내,퇴계원,79486.8
1호선,부개,부평,78991.7
경의중앙선,공덕,신촌(경의),77773.6
1호선,도봉,도봉산,77461.8
경의중앙선,서강대,신촌(경의),77430.9
3호선,원당,화정,76792.7
6호선,석계,태릉입구,76610.3
경의중앙선,청량리,회기,75978.9
9호선,공항시장,신방화,75965.3
인천지하철 1호선,신연수,원인재,75965.1
인천지하철 1호선,선학,신연수,75965.1
9호선,석촌,석촌고분,75792.3
1호선,녹천,창동,75581.3
경의중앙선,공덕,효창공원앞,75376.2
4호선,대야미,수리산,75315.6
우이신설선,삼양사거리,솔샘,74220.0
경의중앙선,서울,효창공원앞,73191.9
3호선,대곡,화정,72816.7
경의중앙선,중랑,회기,72702.5
9호선,공항시장,김포공항,72674.3
인천국제공항선,계양,김포공항,72139.5
인천지하철 1호선,경인교대입구,작전,71910.6
인천지하철 1호선,갈산,작전,71910.6
인천지하철 1호선,갈산,부평구청,71910.6
7호선,신중동,춘의,71424.7
인천지하철 1호선,경인교대입구,계산,71307.3
경의중앙선,망우,상봉,71107.1
8호선,강동구청,몽촌토성,71042.4
4호선,노원,창동,70810.3
인천지하철 1호선,계산,임학,70512.6
5호선 마천지선,강동,둔촌동,70201.7
8호선,강동구청,천호,69940.5
신림선,보라매,보라매공원,69854.1
경춘선,금곡,사릉,69556.0
인천지하철 1호선,박촌,임학,69432.4
경의중앙선,상봉,중랑,68976.1
경의중앙선,곡산,백마,68956.6
인천국제공항선,공덕,서울,68953.5
인천국제공항선,공덕,홍대입구,68400.2
우이신설선,보문,성신여대입구,68309.6
2호선 신정지선,도림천,신도림,68255.8
경의중앙선,곡산,대곡,68212.2
5호선 마천지선,둔촌동,올림픽공원,68107.5
신림선,당곡,신림,67874.6
인천지하철 1호선,귤현,박촌,67772.2
9호선,석촌,송파나루,66399.4
수인분당선,기흥,상갈,66392.3
8호선,복정,장지,66175.5
4호선,대야미,반월,65916.2
인천지하철 1호선,계양,귤현,65875.6
신림선,보라매공원,보라매병원,65875.3
3호선,가락시장,경찰병원,65836.2
7호선,노원,마들,65833.5
신림선,당곡,보라매병원,65508.1
신림선,서울대벤처타운,서원,65039.5
인천지하철 1호선,동춘,원인재,64773.8
인천지하철 1호선,동막,동춘,64773.8
인천지하철 1호선,동막,캠퍼스타운,64773.8
4호선,반월,상록수,64744.6
신분당선,성복,수지구청,64585.7
경의중앙선,백마,풍산,64061.4
서해선,소사,소새울,62997.0
경춘선,망우,상봉,62109.3
1호선,군포,금정,61857.6
9호선,선정릉,언주,61606.2
신분당선,논현,신사,60736.6
5호선 본선,강일,상일동,60646.4
우이신설선,삼양,삼양사거리,60626.3
경의중앙선,서울,청량리,60538.8
신분당선,미금,정자,60414.6
4호선,상록수,한대앞,59478.7
수인분당선,상갈,청명,59075.0
4호선,인덕원,평촌,59041.9
신림선,대방,서울지방병무청,58656.5
9호선,사평,신논현,58194.6
신림선,보라매,서울지방병무청,57801.7
인천지하철 1호선,캠퍼스타운,테크노파크,56608.6
수인분당선,영통,청명,55973.2
의정부,경전철의정부,의정부시청,55430.1
의정부,범골,회룡,55430.1
의정부,의정부시청,흥선,55430.1
의정부,경전철의정부,범골,55430.1
의정부,동오,의정부중앙,54626.4
의정부,의정부중앙,흥선,54626.4
수인분당선,망포,영통,54316.3
수인분당선,망포,매탄권선,54316.3
3호선,대곡,백석,54113.3
3호선,마두,백석,54113.3
경춘선,금곡,평내호평,54053.0
5호선 마천지선,방이,올림픽공원,53646.9
경의중앙선,일산,풍산,52956.3
6호선,태릉입구,화랑대,52755.4
수인분당선,매탄권선,수원시청,52467.9
2호선 성수지선,신설동,용두,52457.3
3호선,경찰병원,오금,52078.9
9호선,송파나루,한성백제,51760.6
6호선,독바위,불광,51358.2
1호선,군포,당정,51350.8
3호선,마두,정발산,51173.2
2호선 성수지선,신답,용답,50995.9
5호선 마천지선,방이,오금,50591.4
우이신설선,삼양,화계,50572.8
2호선 성수지선,신답,용두,49775.6
수인분당선,매교,수원시청,49076.8
7호선,마들,수락산,47764.0
5호선 본선,강일,미사,47543.8
인천지하철 1호선,지식정보단지,테크노파크,46776.1
1호선,오류동,온수,46406.9
2호선 성수지선,성수,용답,45808.6
7호선,부천시청,신중동,45784.0
경의중앙선,일산,탄현,45662.1
3호선,정발산,주엽,45175.7
5호선 본선,미사,하남풍산,44851.9
경강선,성남,이매,44413.7
2호선 신정지선,도림천,양천구청,44275.5
4호선,인덕원,정부과천청사,43945.3
9호선,올림픽공원,한성백제,43415.1
의정부,동오,새말,43310.6
김포도시철도,고촌,김포공항,42600.2
김포도시철도,걸포북변,사우,42600.2
김포도시철도,고촌,풍무,42600.2
김포도시철도,사우,풍무,42600.2
김포도시철도,걸포북변,운양,42349.1
1호선,당정,의왕,42237.7
경강선,성남,판교,41970.2
1호선,성균관대,의왕,41523.1
수인분당선,매교,수원,41374.8
8호선,암사,천호,41359.8
1호선,서울,시청,41335.3
경의중앙선,망우,양원,41291.9
경의중앙선,구리,양원,41291.9
5호선 마천지선,개롱,오금,41198.1
경의중앙선,야당,탄현,40681.8
경의중앙선,야당,운정,40681.8
경의중앙선,금릉,운정,40681.8
경의중앙선,금릉,금촌,40681.8
우이신설선,보문,신설동,40643.7
서해선,소새울,시흥대야,39586.3
서해선,신천,신현,39582.4
서해선,시흥대야,신천,39582.4
신림선,관악산,서울대벤처타운,39409.6
6호선,봉화산,화랑대,39069.6
경의중앙선,금촌,월롱,39048.0
우이신설선,가오리,화계,38909.1
1호선,성균관대,화서,38908.4
신분당선,상현,성복,38907.8
1호선,수원,화서,38837.6
신림선,대방,샛강,38383.9
인천지하철 2호선,석천사거리,인천시청,38221.3
인천지하철 2호선,모래내시장,석천사거리,38221.3
김포도시철도,운양,장기,37878.8
4호선,중앙,한대앞,37856.3
4호선,과천,정부과천청사,37061.0
인천지하철 1호선,인천대입구,지식정보단지,36792.7
서해선,시흥시청,신현,36407.8
에버라인,강남대,기흥,36399.2
5호선 본선,하남시청,하남풍산,35736.5
신분당선,광교중앙,상현,35626.4
4호선,고잔,중앙,35215.6
4호선,고잔,초지,34913.7
8호선,남한산성입구,산성,34611.6
8호선,남위례,복정,34587.4
8호선,남위례,산성,34587.4
7호선,부천시청,상동,34420.6
7호선,삼산체육관,상동,34420.6
7호선,굴포천,삼산체육관,34420.6
경의중앙선,월롱,파주,33901.0
8호선,모란,수진,33891.2
8호선,남한산성입구,단대오거리,33390.6
4호선,노원,상계,33360.3
3호선,대화,주엽,33122.5
김포도시철도,마산,장기,32709.5
서해선,시흥능곡,시흥시청,32680.1
의정부,경기도청북부청사,새말,32057.4
7호선,굴포천,부평구청,31673.3
경춘선,천마산,평내호평,30960.0
8호선,수진,신흥,30271.3
4호선,남태령,사당,30139.6
서해선,달미,시흥능곡,29797.0
서해선,달미,선부,29797.0
서해선,선부,초지,29797.0
7호선,도봉산,수락산,29453.2
인천지하철 2호선,만수,모래내시장,29441.4
1호선,개봉,오류동,29232.4
8호선,단대오거리,신흥,28533.5
1호선,남영,용산,28264.5
6호선,구산,연신내,27989.0
2호선 신정지선,신정네거리,양천구청,27876.9
5호선 마천지선,개롱,거여,26600.5
6호선,독바위,연신내,26150.5
경의중앙선,문산,파주,26102.9
6호선,봉화산,신내,25979.9
4호선,과천,대공원,25280.1
1호선,간석,동암,24886.7
1호선,동암,백운,24886.7
1호선,백운,부평,24886.7
1호선,간석,주안,24886.7
5호선 본선,개화산,김포공항,24782.1
4호선,안산,초지,24730.5
경강선,삼동,이매,24719.3
우이신설선,4.19민주묘지,가오리,24450.1
김포도시철도,구래,마산,24314.7
에버라인,강남대,지석,24248.3
4호선,능길,안산,23787.3
인천지하철 1호선,센트럴파크,인천대입구,23758.2
경강선,경기광주,삼동,23321.2
9호선,둔촌오륜,올림픽공원,22927.0
1호선,도화,주안,22386.9
서해선,김포공항,능곡,21738.0
의정부,곤제,효자,21411.1
의정부,경기도청북부청사,효자,21411.1
의정부,곤제,어룡,21411.1
서해선,곡산,대곡,20425.3
인천지하철 2호선,시민공원,주안,19928.9
서해선,시우,초지,19842.1
수인분당선,사리,한대앞,19705.6
서해선,곡산,백마,19680.9
서해선,능곡,대곡,19353.0
인천지하철 2호선,석바위시장,인천시청,19173.9
인천지하철 2호선,남동구청,만수,18817.1
인천지하철 2호선,석바위시장,시민공원,18612.8
1호선,가능,의정부,18356.8
1호선,의정부,회룡,18356.8
서해선,시우,원시,18254.8
5호선 본선,개화산,방화,17872.7
1호선,가능,녹양,17466.8
우이신설선,4.19민주묘지,솔밭공원,17055.0
5호선 본선,하남검단산,하남시청,16910.5
4호선,능길,정왕,16728.8
경강선,경기광주,초월,16263.6
9호선,개화,김포공항,15811.8
1호선,녹양,양주,15569.6
8호선,암사,암사역사공원,15482.7
수인분당선,어천,오목천,15458.4
수인분당선,야목,어천,15458.4
수인분당선,사리,야목,15458.4
경의중앙선,문산,운천,15276.5
서해선,백마,풍산,14840.7
1호선,개봉,구일,13888.8
에버라인,어정,지석,13710.3
수인분당선,소래포구,월곶,13545.6
수인분당선,달월,월곶,13461.3
수인분당선,달월,오이도,13435.7
수인분당선,인천논현,호구포,13398.0
수인분당선,남동인더스파크,호구포,13398.0
수인분당선,소래포구,인천논현,13398.0
수인분당선,남동인더스파크,원인재,13398.0
수인분당선,송도,연수,12694.3
수인분당선,송도,인하대,12694.3
수인분당선,연수,원인재,12694.3
9호선,둔촌오륜,중앙보훈병원,12606.9
경춘선,마석,천마산,12551.9
4호선,경마공원,대공원,12374.8
1호선,덕계,양주,12122.3
김포도시철도,구래,양촌,12046.7
1호선,도화,제물포,11564.6
수인분당선,고색,오목천,11483.5
5호선 마천지선,거여,마천,10735.4
의정부,송산,어룡,10732.8
의정부,발곡,회룡,10709.8
경춘선,광운대,중랑,10481.7
인천지하철 1호선,국제업무지구,센트럴파크,10432.8
경춘선,상봉,중랑,10108.4
경부선 광명지선,광명,금천구청,9920.8
인천지하철 2호선,서부여성회관,인천가좌,9698.7
인천지하철 2호선,주안,주안국가산단,9698.7
인천지하철 2호선,서부여성회관,석남,9698.7
인천지하철 2호선,가재울,인천가좌,9698.7
인천지하철 2호선,가재울,주안국가산단,9698.7
1호선,세류,수원,9497.7
1호선,병점,세류,8714.4
1호선,병점,세마,8689.2
우이신설선,북한산우이,솔밭공원,8649.9
1호선,세마,오산대,8428.2
경의중앙선,구리,도농,8266.2
1호선,덕계,덕정,7955.3
수인분당선,오이도,정왕,7825.0
4호선,불암산,상계,7712.1
인천지하철 2호선,가정,가정중앙시장,7509.3
인천지하철 2호선,가정중앙시장,석남,7509.3
인천지하철 2호선,서구청,아시아드경기장,7509.3
인천지하철 2호선,검바위,검암,7509.3
인천지하철 2호선,검바위,아시아드경기장,7509.3
인천국제공항선,검암,계양,7509.3
인천지하철 2호선,가정,서구청,7509.3
경강선,곤지암,초월,7451.9
4호선,오이도,정왕,7279.9
수인분당선,능길,정왕,7196.5
수인분당선,안산,초지,6815.8
수인분당선,능길,안산,6808.6
경의중앙선,운천,임진강,6353.6
서해선,일산,풍산,6184.8
에버라인,동백,초당,6007.3
에버라인,동백,어정,6007.3
에버라인,삼가,시청·용인대,6007.3
에버라인,삼가,초당,6007.3
1호선,덕정,지행,5905.5
1호선,오산,오산대,5737.8
1호선,동두천중앙,지행,5523.0
에버라인,명지대,시청·용인대,5485.7
1호선,송탄,진위,5059.6
1호선,오산,진위,5007.3
수인분당선,중앙,한대앞,4817.6
수인분당선,고잔,중앙,4797.1
수인분당선,고잔,초지,4778.2
1호선,서정리,송탄,4714.5
에버라인,김량장,명지대,4653.0
1호선,동두천중앙,보산,4451.6
경강선,곤지암,신둔도예촌,4157.6
경강선,신둔도예촌,이천,4090.0
4호선,경마공원,선바위,3677.8
경의중앙선,도심,팔당,3578.4
경의중앙선,덕소,도심,3578.4
경의중앙선,도농,양정,3578.4
경의중앙선,덕소,양정,3578.4
에버라인,김량장,용인중앙시장,3559.8
1호선,서정리,평택지제,3326.7
경강선,부발,이천,2963.4
수인분당선,숭의,신포,2880.7
수인분당선,숭의,인하대,2880.7
수인분당선,신포,인천,2880.7
1호선,동인천,인천,2880.7
1호선,도원,동인천,2880.7
1호선,도원,제물포,2880.7
1호선,동두천,보산,2727.5
7호선,산곡,석남,2189.4
7호선,부평구청,산곡,2189.4
에버라인,고진,용인중앙시장,2134.0
8호선,다산,별내,2094.5
경의중앙선,양평,오빈,1610.9
경의중앙선,아신,오빈,1590.1
경의중앙선,양수,운길산,1585.3
경의중앙선,신원,양수,1585.3
경의중앙선,운길산,팔당,1585.3
경의중앙선,국수,아신,1585.3
경의중앙선,국수,신원,1585.3
1호선,동두천,소요산,1428.7
신분당선,광교,광교중앙,1307.8
1호선,평택,평택지제,1284.2
경춘선,대성리,청평,1216.9
경춘선,대성리,마석,1216.9
경춘선,상천,청평,1123.0
1호선,소요산,청산,1081.8
경강선,부발,세종대왕릉,1024.1
1호선,전곡,청산,922.2
에버라인,고진,보평,820.6
7호선,까치울,부천종합운동장,719.6
1호선,연천,전곡,717.1
경의중앙선,양평,원덕,622.0
경춘선,가평,상천,571.1
경강선,세종대왕릉,여주,549.5
경의중앙선,용문,원덕,466.5
경의중앙선,용문,지평,176.6
경부선 서동탄지선,병점,서동탄,41.2
