노선,순번,역명,위도,경도,순환,비고
1호선,1,청량리,37.580148,127.045063,N,
1호선,2,제기동,37.578116,127.034902,N,
1호선,3,신설동,37.576117,127.02471,N,
1호선,4,동묘앞,37.573265,127.016459,N,
1호선,5,동대문,37.571646,127.01069,N,
1호선,6,종로5가,37.570971,127.0019,N,
1호선,7,종로3가,37.570429,126.992095,N,
1호선,8,종각,37.570203,126.983116,N,
1호선,9,시청,37.565211,126.977207,N,
1호선,10,서울,37.55585,126.972103,N,
2호선 성수지선,1,성수,37.544628,127.055983,N,분기역
2호선 성수지선,2,용답,37.562066,127.05087863,N,
2호선 성수지선,3,신답,37.569847,127.047048,N,
2호선 성수지선,4,용두,37.574012,127.03811,N,
2호선 성수지선,5,신설동,37.574653,127.025158,N,
2호선 신정지선,1,신도림,37.508815,126.891222,N,분기역
2호선 신정지선,2,도림천,37.5145589,126.882586,N,
2호선 신정지선,3,양천구청,37.5123294,126.865593,N,
2호선 신정지선,4,신정네거리,37.520218,126.852849,N,
2호선 본선,1,당산,37.534807,126.902611,Y,
2호선 본선,2,영등포구청,37.525766,126.896627,Y,
2호선 본선,3,문래,37.517993,126.894766,Y,
2호선 본선,4,신도림,37.508815,126.891222,Y,
2호선 본선,5,대림,37.4932826,126.8949793,Y,
2호선 본선,6,구로디지털단지,37.4852931,126.901456,Y,
2호선 본선,7,신대방,37.487604,126.913479,Y,
2호선 본선,8,신림,37.484216,126.929573,Y,
2호선 본선,9,봉천,37.482416,126.941696,Y,
2호선 본선,10,서울대입구,37.481233,126.952745,Y,
2호선 본선,11,낙성대,37.47713,126.963583,Y,
2호선 본선,12,사당,37.476536,126.981631,Y,
2호선 본선,13,방배,37.481469,126.997627,Y,
2호선 본선,14,서초,37.49191,127.007685,Y,
2호선 본선,15,교대,37.493957,127.014431,Y,
2호선 본선,16,강남,37.49805,127.02795,Y,
2호선 본선,17,역삼,37.500658,127.03643,Y,
2호선 본선,18,선릉,37.504257,127.048174,Y,
2호선 본선,19,삼성,37.508827,127.063203,Y,
2호선 본선,20,종합운동장,37.511128,127.073841,Y,
2호선 본선,21,잠실새내,37.511653,127.086224,Y,
2호선 본선,22,잠실,37.513305,127.100129,Y,
2호선 본선,23,잠실나루,37.520688,127.103836,Y,
2호선 본선,24,강변,37.535161,127.094684,Y,
2호선 본선,25,구의,37.537157,127.0862124,Y,
2호선 본선,26,건대입구,37.540408,127.069231,Y,
2호선 본선,27,성수,37.544628,127.055983,Y,
2호선 본선,28,뚝섬,37.54718,127.047413,Y,
2호선 본선,29,한양대,37.555758,127.0436594,Y,
2호선 본선,30,왕십리,37.561289,127.0370615,Y,
2호선 본선,31,상왕십리,37.564444,127.029322,Y,
2호선 본선,32,신당,37.565675,127.0194259,Y,
2호선 본선,33,동대문역사문화공원,37.565609,127.009083,Y,
2호선 본선,34,을지로4가,37.566611,126.997622,Y,
2호선 본선,35,을지로3가,37.566292,126.990873,Y,
2호선 본선,36,을지로입구,37.565998,126.982569,Y,
2호선 본선,37,시청,37.563534,126.975271,Y,
2호선 본선,38,충정로,37.559742,126.964455,Y,
2호선 본선,39,아현,37.557407,126.956079,Y,
2호선 본선,40,이대,37.556734,126.945897,Y,
2호선 본선,41,신촌,37.555153,126.93689,Y,
2호선 본선,42,홍대입구,37.556748,126.923643,Y,
2호선 본선,43,합정,37.550025,126.914557,Y,
3호선,1,지축,37.648151,126.913751,N,
3호선,2,구파발,37.636612,126.918827,N,
3호선,3,연신내,37.619295,126.920959,N,
3호선,4,불광,37.610154,126.930183,N,
3호선,5,녹번,37.600882,126.935758,N,
3호선,6,홍제,37.588851,126.944092,N,
3호선,7,무악재,37.582658,126.950131,N,
3호선,8,독립문,37.574534,126.957902,N,
3호선,9,경복궁,37.575844,126.973576,N,
3호선,10,안국,37.576562,126.98547,N,
3호선,11,종로3가,37.571537,126.991837,N,
3호선,12,을지로3가,37.566299,126.992616,N,
3호선,13,충무로,37.561382,126.994173,N,
3호선,14,동대입구,37.55906,127.005273,N,
3호선,15,약수,37.554554,127.010858,N,
3호선,16,금호,37.548269,127.015785,N,
3호선,17,옥수,37.541653,127.017303,N,
3호선,18,압구정,37.526169,127.028502,N,
3호선,19,신사,37.516438,127.020247,N,
3호선,20,잠원,37.512989,127.011613,N,
3호선,21,고속터미널,37.504953,127.004916,N,
3호선,22,교대,37.49306,127.013796,N,
3호선,23,남부터미널,37.48494,127.016289,N,
3호선,24,양재,37.48458,127.03423,N,
3호선,25,매봉,37.487114,127.046907,N,
3호선,26,도곡,37.491129,127.055694,N,
3호선,27,대치,37.494601,127.063449,N,
3호선,28,학여울,37.496787,127.0708601,N,
3호선,29,대청,37.493607,127.079526,N,
3호선,30,일원,37.48389,127.08416,N,
3호선,31,수서,37.4875,127.101924,N,
3호선,32,가락시장,37.492318,127.1177,N,
3호선,33,경찰병원,37.495754,127.124198,N,
3호선,34,오금,37.502288,127.128344,N,
4호선,1,불암산,37.67009,127.079004,N,
4호선,2,상계,37.660576,127.073199,N,
4호선,3,노원,37.656274,127.063183,N,
4호선,4,창동,37.653315,127.048304,N,
4호선,5,쌍문,37.648274,127.034381,N,
4호선,6,수유,37.637727,127.025371,N,
4호선,7,미아,37.626435,127.026151,N,
4호선,8,미아사거리,37.613276,127.030083,N,
4호선,9,길음,37.603387,127.025053,N,
4호선,10,성신여대입구,37.592882,127.016908,N,
4호선,11,한성대입구,37.58838,127.005951,N,
4호선,12,혜화,37.582116,127.001929,N,
4호선,13,동대문,37.57099,127.00925,N,
4호선,14,동대문역사문화공원,37.565141,127.007808,N,
4호선,15,충무로,37.561352,126.994573,N,
4호선,16,명동,37.560955,126.986271,N,
4호선,17,회현,37.558698,126.978346,N,
4호선,18,서울,37.553172,126.972706,N,
4호선,19,숙대입구,37.5447834,126.9721,N,
4호선,20,삼각지,37.534457,126.972992,N,
4호선,21,이촌,37.52919,126.9679818,N,
4호선,22,신용산,37.52909,126.96788,N,
4호선,23,동작,37.503567,126.980171,N,
4호선,24,총신대입구,37.487521,126.982309,N,
4호선,25,사당,37.476263,126.981636,N,
4호선,26,남태령,37.464339,126.989081,N,
5호선 마천지선,1,강동,37.53581,127.13249,N,분기역
5호선 마천지선,2,둔촌동,37.527787,127.136219,N,
5호선 마천지선,3,올림픽공원,37.516217,127.130957,N,
5호선 마천지선,4,방이,37.508752,127.126054,N,
5호선 마천지선,5,오금,37.502228,127.127701,N,
5호선 마천지선,6,개롱,37.498097,127.134817,N,
5호선 마천지선,7,거여,37.493208,127.143983,N,
5호선 마천지선,8,마천,37.494972,127.152784,N,
5호선 본선,1,방화,37.577669,126.812822,N,
5호선 본선,2,개화산,37.572458,126.806838,N,
5호선 본선,3,김포공항,37.56217,126.801273,N,
5호선 본선,4,송정,37.561201,126.812052,N,
5호선 본선,5,마곡,37.55865,126.837693,N,
5호선 본선,6,발산,37.558692,126.837633,N,
5호선 본선,7,우장산,37.548864,126.83633,N,
5호선 본선,8,화곡,37.541585,126.840436,N,
5호선 본선,9,까치산,37.5322,126.84645,N,
5호선 본선,10,신정,37.525001,126.856176,N,
5호선 본선,11,목동,37.526088,126.864296,N,
5호선 본선,12,오목교,37.524557,126.875049,N,
5호선 본선,13,양평,37.525614,126.886177,N,
5호선 본선,14,영등포구청,37.524209,126.895022,N,
5호선 본선,15,영등포시장,37.52276,126.905143,N,
5호선 본선,16,신길,37.51763,126.914886,N,
5호선 본선,17,여의도,37.521678,126.924318,N,
5호선 본선,18,여의나루,37.527045,126.932807,N,
5호선 본선,19,마포,37.539718,126.946043,N,
5호선 본선,20,공덕,37.544005,126.951058,N,
5호선 본선,21,애오개,37.553592,126.956733,N,
5호선 본선,22,충정로,37.560061,126.962783,N,
5호선 본선,23,서대문,37.565812,126.966639,N,
5호선 본선,24,광화문,37.571645,126.976568,N,
5호선 본선,25,종로3가,37.572546,126.990447,N,
5호선 본선,26,을지로4가,37.56728,126.998127,N,
5호선 본선,27,동대문역사문화공원,37.564682,127.00533,N,
5호선 본선,28,청구,37.560237,127.01379,N,
5호선 본선,29,신금호,37.554504,127.020403,N,
5호선 본선,30,행당,37.557297,127.029482,N,
5호선 본선,31,왕십리,37.56197,127.037264,N,
5호선 본선,32,마장,37.566066,127.042921,N,
5호선 본선,33,답십리,37.566833,127.05266,N,
5호선 본선,34,장한평,37.561438,127.064601,N,
5호선 본선,35,군자,37.557102,127.079559,N,
5호선 본선,36,아차산,37.552005,127.089609,N,
5호선 본선,37,광나루,37.545301,127.103478,N,
5호선 본선,38,천호,37.538566,127.123539,N,
5호선 본선,39,강동,37.53581,127.13249,N,
5호선 본선,40,길동,37.538022,127.140085,N,
5호선 본선,41,굽은다리,37.545442,127.142844,N,
5호선 본선,42,명일,37.551317,127.144002,N,
5호선 본선,43,고덕,37.555002,127.154214,N,
5호선 본선,44,상일동,37.556714,127.166381,N,
5호선 본선,45,강일,37.557521,127.176018,N,
5호선 본선,46,미사,37.56309,127.192954,N,
5호선 본선,47,하남풍산,37.552201,127.203897,N,
5호선 본선,48,하남시청,37.541723,127.206901,N,
5호선 본선,49,하남검단산,37.539729,127.223427,N,
6호선,1,신내,37.612571,127.104326,N,
6호선,2,봉화산,37.617429,127.0912326,N,
6호선,3,화랑대,37.619875,127.084106,N,
6호선,4,태릉입구,37.617319,127.074741,N,
6호선,5,석계,37.614937,127.065922,N,
6호선,6,돌곶이,37.610522,127.056419,N,
6호선,7,상월곡,37.606392,127.048509,N,
6호선,8,월곡,37.60192,127.041492,N,
6호선,9,고려대,37.59034,127.03626,N,
6호선,10,안암,37.586261,127.02903,N,
6호선,11,보문,37.585426,127.019722,N,
6호선,12,창신,37.579772,127.015246,N,
6호선,13,동묘앞,37.572275,127.015666,N,
6호선,14,신당,37.566174,127.016158,N,
6호선,15,청구,37.560221,127.013776,N,
6호선,16,약수,37.554087,127.010237,N,
6호선,17,버티고개,37.547933,127.006948,N,
6호선,18,한강진,37.53956,127.001729,N,
6호선,19,이태원,37.534485,126.994369,N,
6호선,20,녹사평,37.53469,126.98665,N,
6호선,21,삼각지,37.535563,126.973996,N,
6호선,22,효창공원앞,37.539279,126.961348,N,
6호선,23,공덕,37.543592,126.951664,N,
6호선,24,대흥,37.547732,126.942214,N,
6호선,25,광흥창,37.547464,126.931971,N,
6호선,26,상수,37.547704,126.92292,N,
6호선,27,합정,37.549033,126.913546,N,
6호선,28,망원,37.556031,126.910129,N,
6호선,29,마포구청,37.563529,126.903356,N,
6호선,30,월드컵경기장,37.569439,126.899077,N,
6호선,31,디지털미디어시티,37.5760805,126.901343,N,
6호선,32,증산,37.583989,126.909785,N,
6호선,33,새절,37.591148,126.913613,N,
6호선,34,응암,37.59859,126.915583,N,순환구간
6호선,35,역촌,37.60605,126.922764,N,순환구간
6호선,36,불광,37.610919,126.929504,N,순환구간
6호선,37,독바위,37.618413,126.933035,N,순환구간
6호선,38,연신내,37.618483,126.920403,N,순환구간
6호선,39,구산,37.611196,126.9172519,N,순환구간
7호선,1,장암,37.70015,127.053126,N,
7호선,2,도봉산,37.689131,127.046548,N,
7호선,3,수락산,37.677804,127.055314,N,
7호선,4,마들,37.664985,127.057701,N,
7호선,5,노원,37.654478,127.060555,N,
7호선,6,중계,37.645052,127.064084,N,
7호선,7,하계,37.636363,127.067999,N,
7호선,8,공릉,37.625642,127.072969,N,
7호선,9,태릉입구,37.618519,127.075361,N,
7호선,10,먹골,37.610638,127.077719,N,
7호선,11,중화,37.602604,127.079254,N,
7호선,12,상봉,37.595673,127.085708,N,
7호선,13,면목,37.588671,127.087503,N,
7호선,14,사가정,37.580912,127.088502,N,
7호선,15,용마산,37.573752,127.086802,N,
7호선,16,중곡,37.565877,127.084291,N,
7호선,17,군자,37.557151,127.079484,N,
7호선,18,어린이대공원,37.547962,127.07465,N,
7호선,19,건대입구,37.540882,127.071103,N,
7호선,20,자양,37.531558,127.066714,N,
7호선,21,청담,37.519097,127.051851,N,
7호선,22,강남구청,37.517185,127.04122,N,
7호선,23,학동,37.514262,127.031738,N,
7호선,24,논현,37.511108,127.021385,N,
7호선,25,반포,37.508171,127.011717,N,
7호선,26,고속터미널,37.503387,127.005055,N,
7호선,27,내방,37.48764,126.993541,N,
7호선,28,이수,37.485258,126.981766,N,
7호선,29,총신대입구,37.485258,126.981766,N,
7호선,30,남성,37.484688,126.971108,N,
7호선,31,숭실대입구,37.496258,126.953649,N,
7호선,32,상도,37.50279,126.947949,N,
7호선,33,장승배기,37.504845,126.939025,N,
7호선,34,신대방삼거리,37.499717,126.928218,N,
7호선,35,보라매,37.499916,126.920112,N,
7호선,36,신풍,37.500107,126.909806,N,
7호선,37,대림,37.492984,126.896997,N,
7호선,38,남구로,37.486181,126.887372,N,
7호선,39,가산디지털단지,37.480376,126.882704,N,
7호선,40,철산,37.47616,126.868217,N,
7호선,41,광명사거리,37.47927,126.854854,N,
7호선,42,천왕,37.486699,126.838684,N,
7호선,43,온수,37.492059,126.823294,N,
8호선,1,암사역사공원,37.557167,127.137556,N,
8호선,2,암사,37.550127,127.127521,N,
8호선,3,천호,37.53792,127.123179,N,
8호선,4,강동구청,37.530348,127.120461,N,
8호선,5,몽촌토성,37.517692,127.11274,N,
8호선,6,잠실,37.514649,127.104267,N,
8호선,7,석촌,37.505396,127.106995,N,
8호선,8,송파,37.49978,127.11212,N,
8호선,9,가락시장,37.493004,127.118279,N,
8호선,10,문정,37.485931,127.122473,N,
8호선,11,장지,37.478609,127.126229,N,
8호선,12,복정,37.471016,127.126746,N,
8호선,13,남위례,37.462839,127.139047,N,
8호선,14,산성,37.456886,127.149927,N,
8호선,15,남한산성입구,37.451568,127.159845,N,
8호선,16,단대오거리,37.445057,127.156735,N,
8호선,17,신흥,37.440952,127.14759,N,
8호선,18,수진,37.437575,127.140936,N,
8호선,19,모란,37.433988,127.129921,N,
경강선,1,판교,37.394798,127.111135,N,
경강선,2,성남,37.394709,127.11949,N,
경강선,3,이매,37.394736,127.127048,N,
경강선,4,삼동,37.408731,127.203447,N,
경강선,5,경기광주,37.398974,127.253201,N,
경강선,6,초월,37.373389,127.299996,N,
경강선,7,곤지암,37.350525,127.346186,N,
경강선,8,신둔도예촌,37.315499,127.405251,N,
경강선,9,이천,37.264222,127.442135,N,
경강선,10,부발,37.260411,127.490303,N,
경강선,11,세종대왕릉,37.293636,127.570764,N,
경강선,12,여주,37.282881,127.628571,N,
경부선 서동탄지선,1,병점,37.206821,127.033268,N,분기역
경부선 서동탄지선,2,서동탄,37.195675,127.051893,N,
경부선 광명지선,1,금천구청,37.45576,126.894344,N,분기역
경부선 광명지선,2,광명,37.415995,126.884523,N,
경부선 본선,1,남영,37.540597,126.971171,N,
경부선 본선,2,용산,37.52989,126.964775,N,
경부선 본선,3,노량진,37.514072,126.941671,N,
경부선 본선,4,대방,37.513392,126.926407,N,
경부선 본선,5,신길,37.517018,126.917743,N,
경부선 본선,6,영등포,37.515756,126.907411,N,
경부선 본선,7,신도림,37.508983,126.891513,N,
경부선 본선,8,구로,37.503178,126.882037,N,
경부선 본선,9,가산디지털단지,37.481568,126.882628,N,
경부선 본선,10,독산,37.465994,126.889508,N,
경부선 본선,11,금천구청,37.45576,126.894344,N,
경부선 본선,12,석수,37.435161,126.902233,N,
경부선 본선,13,관악,37.419578,126.908476,N,
경부선 본선,14,안양,37.401929,126.922647,N,
경부선 본선,15,명학,37.384435,126.935579,N,
경부선 본선,16,금정,37.371957,126.943411,N,
경부선 본선,17,군포,37.353732,126.948517,N,
경부선 본선,18,당정,37.34338,126.948388,N,
경부선 본선,19,의왕,37.320648,126.948099,N,
경부선 본선,20,성균관대,37.300344,126.970861,N,
경부선 본선,21,화서,37.28399,126.989581,N,
경부선 본선,22,수원,37.266162,126.999821,N,
경부선 본선,23,세류,37.244102,127.013772,N,
경부선 본선,24,병점,37.206821,127.033268,N,
경부선 본선,25,세마,37.187288,127.043279,N,
경부선 본선,26,오산대,37.169401,127.063081,N,
경부선 본선,27,오산,37.145472,127.066708,N,
경부선 본선,28,진위,37.109771,127.062342,N,
경부선 본선,29,송탄,37.075376,127.054397,N,
경부선 본선,30,서정리,37.056459,127.052844,N,
경부선 본선,31,평택지제,37.018822,127.070269,N,
경부선 본선,32,평택,36.990559,127.085496,N,
경원선,1,용산,37.52989,126.964775,N,
경원선,2,이촌,37.522476,126.973816,N,
경원선,3,서빙고,37.51961,126.988358,N,
경원선,4,한남,37.529361,127.008984,N,
경원선,5,옥수,37.540514,127.018698,N,
경원선,6,응봉,37.550433,127.034824,N,
경원선,7,왕십리,37.561728,127.038405,N,
경원선,8,청량리,37.580543,127.048077,N,
경원선,9,회기,37.589602,127.057936,N,
경원선,10,외대앞,37.596157,127.063572,N,
경원선,11,신이문,37.601829,127.067347,N,
경원선,12,석계,37.615206,127.065594,N,
경원선,13,광운대,37.62357,127.06181,N,
경원선,14,월계,37.633114,127.058835,N,
경원선,15,녹천,37.644599,127.051406,N,
경원선,16,창동,37.653181,127.047663,N,
경원선,17,방학,37.667471,127.044295,N,
경원선,18,도봉,37.679441,127.045521,N,
경원선,19,도봉산,37.689603,127.046047,N,
경원선,20,망월사,37.710499,127.047361,N,
경원선,21,회룡,37.724037,127.047319,N,
경원선,22,의정부,37.73873,127.045891,N,
경원선,23,가능,37.748362,127.044251,N,
경원선,24,녹양,37.759416,127.042272,N,
경원선,25,양주,37.774281,127.044719,N,
경원선,26,덕계,37.818761,127.056676,N,
경원선,27,덕정,37.843216,127.061511,N,
경원선,28,지행,37.892361,127.055734,N,
경원선,29,동두천중앙,37.901818,127.056528,N,
경원선,30,보산,37.914268,127.057134,N,
경원선,31,동두천,37.927569,127.054825,N,
경원선,32,소요산,37.948608,127.061007,N,
경원선,33,청산,37.995138,127.074097,N,
경원선,34,전곡,38.024041,127.071913,N,
경원선,35,연천,38.100485,127.07368,N,
경의중앙선,1,임진강,37.888364,126.746777,N,
경의중앙선,2,운천,37.880008,126.769713,N,
경의중앙선,3,문산,37.854565,126.787531,N,
경의중앙선,4,파주,37.815391,126.792426,N,
경의중앙선,5,월롱,37.796201,126.792574,N,
경의중앙선,6,금촌,37.766106,126.774515,N,
경의중앙선,7,금릉,37.751295,126.765401,N,
경의중앙선,8,운정,37.725441,126.767076,N,
경의중앙선,9,야당,37.712749,126.761535,N,
경의중앙선,10,탄현,37.694114,126.761075,N,
경의중앙선,11,일산,37.682231,126.769521,N,
경의중앙선,12,풍산,37.672173,126.786355,N,
경의중앙선,13,백마,37.658346,126.794401,N,
경의중앙선,14,곡산,37.645729,126.801877,N,
경의중앙선,15,대곡,37.631629,126.810225,N,
경의중앙선,16,능곡,37.618741,126.82089,N,
경의중앙선,17,행신,37.612125,126.834063,N,
경의중앙선,18,강매,37.612396,126.844537,N,
경의중앙선,19,한국항공대,37.603102,126.868291,N,
경의중앙선,20,수색,37.580855,126.895681,N,
경의중앙선,21,디지털미디어시티,37.577964,126.900421,N,
경의중앙선,22,가좌,37.568611,126.914841,N,
경의중앙선,23,홍대입구,37.55758,126.926833,N,
경의중앙선,24,서강대,37.552132,126.935389,N,
경의중앙선,25,신촌(경의),37.559768,126.942308,N,
경의중앙선,26,공덕,37.542711,126.952134,N,
경의중앙선,27,효창공원앞,37.538789,126.962339,N,
경의중앙선,28,서울,37.556713,126.971387,N,
경의중앙선,29,청량리,37.580043,127.047588,N,
경의중앙선,30,회기,37.589802,127.057936,N,
경의중앙선,31,중랑,37.594948,127.076152,N,
경의중앙선,32,상봉,37.596754,127.085553,N,
경의중앙선,33,망우,37.599288,127.092318,N,
경의중앙선,34,양원,37.600956,127.113761,N,좌표추정
경의중앙선,35,구리,37.60326,127.143373,N,
경의중앙선,36,도농,37.608756,127.161105,N,
경의중앙선,37,양정,37.604269,127.194602,N,
경의중앙선,38,덕소,37.586892,127.208835,N,
경의중앙선,39,도심,37.579628,127.222798,N,
경의중앙선,40,팔당,37.547321,127.243896,N,
경의중앙선,41,운길산,37.554659,127.310089,N,
경의중앙선,42,양수,37.545998,127.328948,N,
경의중앙선,43,신원,37.525921,127.372745,N,
경의중앙선,44,국수,37.516171,127.399402,N,
경의중앙선,45,아신,37.513954,127.443238,N,
경의중앙선,46,오빈,37.506061,127.474053,N,
경의중앙선,47,양평,37.492674,127.491858,N,
경의중앙선,48,원덕,37.468585,127.547468,N,
경의중앙선,49,용문,37.482085,127.594251,N,
경의중앙선,50,지평,37.476496,127.629681,N,
경인선,1,인천,37.476364,126.616936,N,
경인선,2,동인천,37.475414,126.632598,N,
경인선,3,도원,37.468604,126.642824,N,
경인선,4,제물포,37.466809,126.657165,N,
경인선,5,도화,37.466154,126.66846,N,
경인선,6,주안,37.465041,126.680702,N,
경인선,7,간석,37.464689,126.693408,N,
경인선,8,동암,37.470835,126.703016,N,
경인선,9,백운,37.483301,126.707179,N,
경인선,10,부평,37.489457,126.724584,N,
경인선,11,부개,37.488479,126.740549,N,
경인선,12,송내,37.487626,126.753045,N,
경인선,13,중동,37.486664,126.764474,N,
경인선,14,부천,37.484066,126.782779,N,
경인선,15,소사,37.482755,126.795654,N,
경인선,16,역곡,37.48514,126.811622,N,
경인선,17,온수,37.492267,126.823399,N,
경인선,18,오류동,37.4944,126.844551,N,
경인선,19,개봉,37.494698,126.858504,N,
경인선,20,구일,37.495973,126.869201,N,
경춘선,1,광운대,37.623635,127.061975,N,
경춘선,2,중랑,37.594948,127.076152,N,
경춘선,3,상봉,37.595254,127.085853,N,
경춘선,4,망우,37.599988,127.092031,N,
경춘선,5,신내,37.612855,127.103277,N,
경춘선,6,갈매,37.634135,127.114803,N,
경춘선,7,별내,37.642221,127.127208,N,
경춘선,8,퇴계원,37.648316,127.143858,N,
경춘선,9,사릉,37.651145,127.176839,N,
경춘선,10,금곡,37.637414,127.207931,N,
경춘선,11,평내호평,37.653229,127.244452,N,
경춘선,12,천마산,37.658995,127.285731,N,
경춘선,13,마석,37.652328,127.311713,N,
경춘선,14,대성리,37.683909,127.379165,N,
경춘선,15,청평,37.735484,127.426541,N,
경춘선,16,상천,37.770305,127.4542,N,
경춘선,17,가평,37.814515,127.510693,N,
김포도시철도,1,양촌,37.641639,126.614694,N,
김포도시철도,2,구래,37.645354,126.6285,N,
김포도시철도,3,마산,37.640606,126.643944,N,
김포도시철도,4,장기,37.644028,126.669,N,
김포도시철도,5,운양,37.653861,126.683833,N,
김포도시철도,6,걸포북변,37.631639,126.70575,N,
김포도시철도,7,사우,37.620361,126.719722,N,
김포도시철도,8,풍무,37.612333,126.732583,N,
김포도시철도,9,고촌,37.60125,126.770361,N,
김포도시철도,10,김포공항,37.562309,126.801833,N,
도시철도 7호선,1,까치울,37.506236,126.81095,N,
도시철도 7호선,2,부천종합운동장,37.505381,126.79735,N,
도시철도 7호선,3,춘의,37.50365,126.787069,N,
도시철도 7호선,4,신중동,37.503081,126.776161,N,
도시철도 7호선,5,부천시청,37.504611,126.763561,N,
도시철도 7호선,6,상동,37.505769,126.753081,N,
도시철도 7호선,7,삼산체육관,37.506431,126.742081,N,
도시철도 7호선,8,굴포천,37.50695,126.731481,N,
도시철도 7호선,9,부평구청,37.507523,126.721356,N,
도시철도 7호선,10,산곡,37.508547,126.70351,N,
도시철도 7호선,11,석남,37.506208,126.676213,N,
분당선,1,왕십리,37.5610128,127.038705,N,
분당선,2,서울숲,37.543647,127.044686,N,
분당선,3,압구정로데오,37.527385,127.040555,N,
분당선,4,강남구청,37.516572,127.041575,N,
분당선,5,선정릉,37.510775,127.043717,N,
분당선,6,선릉,37.504479,127.048941,N,
분당선,7,한티,37.496208,127.052883,N,
분당선,8,도곡,37.490914,127.055393,N,
분당선,9,구룡,37.486985,127.059496,N,
분당선,10,개포동,37.489112,127.066027,N,
분당선,11,대모산입구,37.491347,127.072702,N,
분당선,12,수서,37.487633,127.101118,N,
분당선,13,복정,37.469753,127.126627,N,
분당선,14,가천대,37.448784,127.126677,N,
분당선,15,태평,37.439842,127.127746,N,
분당선,16,모란,37.432124,127.129064,N,
분당선,17,야탑,37.41132,127.128661,N,
분당선,18,이매,37.395846,127.128272,N,
분당선,19,서현,37.384931,127.123249,N,
분당선,20,수내,37.378435,127.114216,N,
분당선,21,정자,37.366037,127.108091,N,
분당선,22,미금,37.350078,127.108952,N,
분당선,23,오리,37.339832,127.108985,N,
분당선,24,죽전,37.324575,127.107385,N,
분당선,25,보정,37.31274,127.108219,N,
분당선,26,구성,37.299013,127.105664,N,
분당선,27,신갈,37.286127,127.111311,N,
분당선,28,기흥,37.275657,127.115944,N,
분당선,29,상갈,37.261797,127.108718,N,
분당선,30,청명,37.259485,127.078945,N,
분당선,31,영통,37.251521,127.071341,N,
분당선,32,망포,37.245793,127.057367,N,
분당선,33,매탄권선,37.252458,127.040824,N,
분당선,34,수원시청,37.261941,127.030736,N,
분당선,35,매교,37.265502,127.015657,N,
분당선,36,수원,37.266162,127.000082,N,
서울 도시철도 9호선,1,개화,37.578591,126.797833,N,
서울 도시철도 9호선,2,김포공항,37.562056,126.801633,N,
서울 도시철도 9호선,3,공항시장,37.563726,126.810678,N,
서울 도시철도 9호선,4,신방화,37.5675,126.816667,N,
서울 도시철도 9호선,5,마곡나루,37.566717,126.8276071,N,
서울 도시철도 9호선,6,양천향교,37.568333,126.841389,N,
서울 도시철도 9호선,7,가양,37.561111,126.855078,N,
서울 도시철도 9호선,8,증미,37.55785,126.861067,N,
서울 도시철도 9호선,9,등촌,37.551111,126.864722,N,
서울 도시철도 9호선,10,염창,37.546944,126.874722,N,
서울 도시철도 9호선,11,신목동,37.544167,126.883056,N,
서울 도시철도 9호선,12,선유도,37.537778,126.893889,N,
서울 도시철도 9호선,13,당산,37.533844,126.902222,N,
서울 도시철도 9호선,14,국회의사당,37.528105,126.917874,N,
서울 도시철도 9호선,15,여의도,37.521744,126.924167,N,
서울 도시철도 9호선,16,샛강,37.5173,126.9284,N,
서울 도시철도 9호선,17,노량진,37.513667,126.940917,N,
서울 도시철도 9호선,18,노들,37.512726,126.953096,N,
서울 도시철도 9호선,19,흑석,37.508889,126.963611,N,
서울 도시철도 9호선,20,동작,37.502878,126.978278,N,
서울 도시철도 9호선,21,구반포,37.501389,126.987222,N,
서울 도시철도 9호선,22,신반포,37.5035033,126.996044,N,
서울 도시철도 9호선,23,고속터미널,37.505933,127.004044,N,
서울 도시철도 9호선,24,사평,37.504161,127.015219,N,
서울 도시철도 9호선,25,신논현,37.504444,127.024417,N,
서해선,1,일산,37.682231,126.769521,N,
서해선,2,풍산,37.672173,126.786355,N,
서해선,3,백마,37.658346,126.794401,N,
서해선,4,곡산,37.645729,126.801877,N,
서해선,5,대곡,37.631629,126.809802,N,
서해선,6,능곡,37.618741,126.8206,N,
서해선,7,김포공항,37.5621179,126.804056,N,
서해선,8,원종,37.5240628,126.8048386,N,
서해선,9,부천종합운동장,37.505852,126.797498,N,
서해선,10,소사,37.482755,126.7950654,N,
서해선,11,소새울,37.4685046,126.797228,N,
서해선,12,시흥대야,37.4504787,126.793142,N,
서해선,13,신천,37.4391147,126.786835,N,
서해선,14,신현,37.4091399,126.78788,N,
서해선,15,시흥시청,37.3814109,126.805946,N,
서해선,16,시흥능곡,37.3699903,126.808594,N,
서해선,17,달미,37.3490003,126.809318,N,
서해선,18,선부,37.33459,126.81,N,
서해선,19,초지,37.320083,126.808051,N,
서해선,20,시우,37.3130967,126.795503,N,
서해선,21,원시,37.302654,126.7867897,N,
수도권  도시철도 9호선,1,언주,37.507287,127.033868,N,
수도권  도시철도 9호선,2,선정릉,37.51028,127.0437593,N,
수도권  도시철도 9호선,3,삼성중앙,37.513011,127.053282,N,
수도권  도시철도 9호선,4,봉은사,37.514219,127.060245,N,
수도권  도시철도 9호선,5,종합운동장,37.511156,127.076917,N,
수도권  도시철도 9호선,6,삼전,37.504531,127.087211,N,
수도권  도시철도 9호선,7,석촌고분,37.502439,127.096611,N,
수도권  도시철도 9호선,8,석촌,37.505078,127.106944,N,
수도권  도시철도 9호선,9,송파나루,37.51055,127.112451,N,
수도권  도시철도 9호선,10,한성백제,37.516369,127.116211,N,
수도권  도시철도 9호선,11,올림픽공원,37.516111,127.130333,N,
수도권  도시철도 9호선,12,둔촌오륜,37.519339,127.138619,N,
수도권  도시철도 9호선,13,중앙보훈병원,37.528807,127.148488,N,
수도권 경량도시철도 신림선,1,샛강,37.517219937,126.929403964,N,
수도권 경량도시철도 신림선,2,대방,37.512840166,126.925316781,N,
수도권 경량도시철도 신림선,3,서울지방병무청,37.50604687,126.922783404,N,
수도권 경량도시철도 신림선,4,보라매,37.500312709,126.920485864,N,
수도권 경량도시철도 신림선,5,보라매공원,37.495225405,126.918258811,N,
수도권 경량도시철도 신림선,6,보라매병원,37.4929607,126.923886,N,
수도권 경량도시철도 신림선,7,당곡,37.490039105,126.927568759,N,
수도권 경량도시철도 신림선,8,신림,37.484890755,126.92960992,N,
수도권 경량도시철도 신림선,9,서원,37.47827336,126.933228219,N,
수도권 경량도시철도 신림선,10,서울대벤처타운,37.47204068,126.933976556,N,
수도권 경량도시철도 신림선,11,관악산,37.46916896,126.944954837,N,
수도권 광역철도 8호선,1,별내,37.642517,127.1273,N,
수도권 광역철도 8호선,2,다산,37.62437,127.1498,N,
수인선,1,고색,37.249829,126.9805899,N,
수인선,2,오목천,37.243011,126.9636354,N,
수인선,3,어천,37.250076,126.908805,N,
수인선,4,야목,37.261211,126.884029,N,
수인선,5,사리,37.290809,126.857172,N,
수인선,6,한대앞,37.309985,126.853506,N,
수인선,7,중앙,37.316055,126.838532,N,
수인선,8,고잔,37.316821,126.823094,N,
수인선,9,초지,37.320583,126.806151,N,
수인선,10,안산,37.327006,126.788748,N,
수인선,11,능길,37.337488,126.767306,N,
수인선,12,정왕,37.351816,126.742844,N,
수인선,13,오이도,37.361773,126.738437,N,
수인선,14,달월,37.379993,126.745431,N,
수인선,15,월곶,37.39189,126.742741,N,
수인선,16,소래포구,37.400963,126.733533,N,
수인선,17,인천논현,37.400641,126.722495,N,
수인선,18,호구포,37.401622,126.708682,N,
수인선,19,남동인더스파크,37.407668,126.695613,N,
수인선,20,원인재,37.412921,126.686952,N,
수인선,21,연수,37.417769,126.678991,N,
수인선,22,송도,37.429714,126.654486,N,
수인선,23,인하대,37.448191,126.649832,N,
수인선,24,숭의,37.460891,126.638035,N,
수인선,25,신포,37.468442,126.624509,N,
수인선,26,인천,37.476364,126.6174236,N,
신분당선,1,신사,37.5161252633129,127.019760916726,N,
신분당선,2,논현,37.5111153846379,127.021365807131,N,
신분당선,3,신논현,37.504555429592,127.024530640799,N,
신분당선,4,강남,37.4973854397871,127.02787893753,N,
신분당선,5,양재,37.4844535239588,127.034099452522,N,
신분당선,6,양재시민의숲,37.4709638768813,127.038420263319,N,
신분당선,7,청계산입구,37.4487148450701,127.054339616958,N,
신분당선,8,판교,37.3957147534829,127.111210738619,N,
신분당선,9,정자,37.3682101915529,127.108385905864,N,
신분당선,10,미금,37.3511833209472,127.108902778591,N,
신분당선,11,동천,37.3386841329961,127.102793673668,N,
신분당선,12,수지구청,37.3230089609191,127.095581285703,N,
신분당선,13,성복,37.3140425091456,127.080757826931,N,
신분당선,14,상현,37.2986852587224,127.06957991138,N,
신분당선,15,광교중앙,37.2877375194967,127.052625032841,N,
신분당선,16,광교,37.3017347422146,127.044856131638,N,
안산과천선,1,선바위,37.451854,127.002164,N,
안산과천선,2,경마공원,37.443987,127.007899,N,
안산과천선,3,대공원,37.435724,127.006474,N,
안산과천선,4,과천,37.432805,126.996404,N,
안산과천선,5,정부과천청사,37.426445,126.989802,N,
안산과천선,6,인덕원,37.401901,126.976718,N,
안산과천선,7,평촌,37.394346,126.963881,N,
안산과천선,8,범계,37.389783,126.950752,N,
안산과천선,9,금정,37.371957,126.943611,N,
안산과천선,10,산본,37.358019,126.932969,N,
안산과천선,11,수리산,37.350297,126.925537,N,
안산과천선,12,대야미,37.328304,126.917161,N,
안산과천선,13,반월,37.312244,126.903684,N,
안산과천선,14,상록수,37.302845,126.866533,N,
안산과천선,15,한대앞,37.309685,126.853656,N,
안산과천선,16,중앙,37.316055,126.838532,N,
안산과천선,17,고잔,37.316821,126.823094,N,
안산과천선,18,초지,37.320583,126.806151,N,
안산과천선,19,안산,37.327006,126.788748,N,
안산과천선,20,능길,37.337488,126.767306,N,
안산과천선,21,정왕,37.351816,126.742844,N,
안산과천선,22,오이도,37.361773,126.738437,N,
에버라인,1,기흥,37.27545288,127.1170465,N,
에버라인,2,강남대,37.27017073,127.1260669,N,
에버라인,3,지석,37.26973732,127.1363256,N,
에버라인,4,어정,37.27495132,127.1437499,N,
에버라인,5,동백,37.26910138,127.1526906,N,
에버라인,6,초당,37.26080647,127.1594692,N,
에버라인,7,삼가,37.24205993,127.16818,N,
에버라인,8,시청·용인대,37.23944203,127.1788851,N,
에버라인,9,명지대,37.23807629,127.1902913,N,
에버라인,10,김량장,37.23732377,127.1986109,N,
에버라인,11,용인중앙시장,37.2379113,127.2090526,N,
에버라인,12,고진,37.24463834,127.2141836,N,
에버라인,13,보평,37.25896427,127.2184808,N,
에버라인,14,둔전,37.26721222,127.2136387,N,
에버라인,15,전대·에버랜드,37.28541327,127.219509,N,
우이신설선,1,북한산우이,37.66284,127.01272,N,
우이신설선,2,솔밭공원,37.65607,127.01326,N,
우이신설선,3,4.19민주묘지,37.64954,127.01371,N,
우이신설선,4,가오리,37.64162,127.01681,N,
우이신설선,5,화계,37.63428,127.0175,N,
우이신설선,6,삼양,37.62706,127.01817,N,
우이신설선,7,삼양사거리,37.62144,127.02049,N,
우이신설선,8,솔샘,37.62037,127.01357,N,
우이신설선,9,북한산보국문,37.61233,127.00816,N,
우이신설선,10,정릉,37.60278,127.01345,N,
우이신설선,11,성신여대입구,37.59247,127.01656,N,
우이신설선,12,보문,37.58551,127.01939,N,
우이신설선,13,신설동,37.57659,127.023221,N,
의정부,1,발곡,37.726983,127.052889,N,
의정부,2,회룡,37.72505255,127.0467864,N,
의정부,3,범골,37.7287279,127.0437202,N,
의정부,4,경전철의정부,37.73729974,127.043321,N,
의정부,5,의정부시청,37.73924874,127.034854,N,
의정부,6,흥선,37.74322487,127.0371765,N,
의정부,7,의정부중앙,37.74371903,127.0496332,N,
의정부,8,동오,37.74519123,127.05703,N,
의정부,9,새말,37.74889941,127.063869,N,
의정부,10,경기도청북부청사,37.75073213,127.0714795,N,
의정부,11,효자,37.75398452,127.0773155,N,
의정부,12,곤제,37.75054343,127.0838651,N,
의정부,13,어룡,37.74272184,127.0852045,N,
의정부,14,송산,37.7371698,127.0872755,N,
의정부,15,탑석,37.73355362,127.0889064,N,
인천국제공항선,1,서울,37.55301784,126.9697643,N,
인천국제공항선,2,공덕,37.5427105,126.9516296,N,
인천국제공항선,3,홍대입구,37.55774103,126.9264939,N,
인천국제공항선,4,디지털미디어시티,37.577355,126.898025,N,
인천국제공항선,5,마곡나루,37.56581914,126.8276358,N,
인천국제공항선,6,김포공항,37.56211652,126.8015442,N,
인천국제공항선,7,계양,37.571769,126.736319,N,
인천국제공항선,8,검암,37.56915547,126.6735357,N,
인천국제공항선,9,청라국제도시,37.556509,126.624725,N,
인천국제공항선,10,영종,37.51209814,126.5242471,N,
인천국제공항선,11,운서,37.49284463,126.4936619,N,
인천국제공항선,12,공항화물청사,37.45902611,126.4774333,N,
인천국제공항선,13,인천공항1터미널,37.44760672,126.4523433,N,
인천국제공항선,14,인천공항2터미널,37.46866,126.433415,N,
인천지하철 1호선,1,검단호수공원,37.6025,126.688056,N,
인천지하철 1호선,2,신검단중앙,37.6026,126.698611,N,
인천지하철 1호선,3,아라,37.592222,126.713333,N,
인천지하철 1호선,4,계양,37.571539,126.736319,N,
인천지하철 1호선,5,귤현,37.566362,126.742498,N,
인천지하철 1호선,6,박촌,37.553525,126.744946,N,
인천지하철 1호선,7,임학,37.545058,126.738642,N,
인천지하철 1호선,8,계산,37.543243,126.728436,N,
인천지하철 1호선,9,경인교대입구,37.538272,126.722603,N,
인천지하철 1호선,10,작전,37.530271,126.722548,N,
인천지하철 1호선,11,갈산,37.517124,126.721566,N,
인천지하철 1호선,12,부평구청,37.508768,126.720547,N,
인천지하철 1호선,13,부평시장,37.498495,126.722282,N,
인천지하철 1호선,14,부평,37.490541,126.723437,N,
인천지하철 1호선,15,동수,37.485409,126.718464,N,
인천지하철 1호선,16,부평삼거리,37.478267,126.710494,N,
인천지하철 1호선,17,간석오거리,37.466921,126.707861,N,
인천지하철 1호선,18,인천시청,37.457615,126.702216,N,
인천지하철 1호선,19,예술회관,37.449334,126.700991,N,
인천지하철 1호선,20,인천터미널,37.441917,126.699727,N,
인천지하철 1호선,21,문학경기장,37.434964,126.698373,N,
인천지하철 1호선,22,선학,37.426985,126.698872,N,
인천지하철 1호선,23,신연수,37.418032,126.693853,N,
인천지하철 1호선,24,원인재,37.412364,126.687893,N,
인천지하철 1호선,25,동춘,37.404676,126.680835,N,
인천지하철 1호선,26,동막,37.398173,126.673561,N,
인천지하철 1호선,27,캠퍼스타운,37.388209,126.661985,N,
인천지하철 1호선,28,테크노파크,37.382311,126.656355,N,
인천지하철 1호선,29,지식정보단지,37.378021,126.645412,N,
인천지하철 1호선,30,인천대입구,37.386239,126.639351,N,
인천지하철 1호선,31,센트럴파크,37.392833,126.635002,N,
인천지하철 1호선,32,국제업무지구,37.400421,126.630105,N,
인천지하철 1호선,33,송도달빛축제공원,37.40687495,126.6260537,N,
인천지하철 2호선,1,검단오류,37.5950162,126.62801,N,
인천지하철 2호선,2,왕길,37.5950191,126.642284,N,
인천지하철 2호선,3,검단사거리,37.601693,126.656545,N,
인천지하철 2호선,4,마전,37.597756,126.667195,N,
인천지하철 2호선,5,완정,37.592867,126.672961,N,
인천지하철 2호선,6,독정,37.584927,126.675981,N,
인천지하철 2호선,7,검암,37.568611,126.675682,N,
인천지하철 2호선,8,검바위,37.561091,126.677529,N,
인천지하철 2호선,9,아시아드경기장,37.551373,126.677075,N,
인천지하철 2호선,10,서구청,37.543839,126.676795,N,
인천지하철 2호선,11,가정,37.524805,126.675387,N,
인천지하철 2호선,12,가정중앙시장,37.517511,126.676784,N,
인천지하철 2호선,13,석남,37.507211,126.676304,N,
인천지하철 2호선,14,서부여성회관,37.500298,126.675875,N,
인천지하철 2호선,15,인천가좌,37.489962,126.675284,N,
인천지하철 2호선,16,가재울,37.484152,126.683883,N,
인천지하철 2호선,17,주안국가산단,37.473599,126.681102,N,
인천지하철 2호선,18,주안,37.465234,126.679041,N,
인천지하철 2호선,19,시민공원,37.458339,126.6810091,N,
인천지하철 2호선,20,석바위시장,37.457659,126.692387,N,
인천지하철 2호선,21,인천시청,37.456904,126.701523,N,
인천지하철 2호선,22,석천사거리,37.4569323,126.710383,N,
인천지하철 2호선,23,모래내시장,37.455842,126.719578,N,
인천지하철 2호선,24,만수,37.454962,126.731764,N,
인천지하철 2호선,25,남동구청,37.448179,126.736581,N,
인천지하철 2호선,26,인천대공원,37.448475,126.753051,N,
인천지하철 2호선,27,운연,37.439533,126.759609,N,
일산선,1,지축,37.648114,126.913746,N,
일산선,2,삼송,37.653096,126.895559,N,
일산선,3,원흥,37.650709,126.873239,N,
일산선,4,원당,37.653103,126.842891,N,
일산선,5,화정,37.634708,126.832503,N,
일산선,6,대곡,37.631629,126.811025,N,
일산선,7,백석,37.642973,126.788109,N,
일산선,8,마두,37.652185,126.777641,N,
일산선,9,정발산,37.659709,126.773254,N,
일산선,10,주엽,37.670138,126.761232,N,
일산선,11,대화,37.675883,126.747756,N,
자기부상철도,1,인천국제공항,37.447222,126.4525,N,
자기부상철도,2,장기주차장,37.44385,126.455671,N,
자기부상철도,3,합동청사,37.440519,126.458654,N,
자기부상철도,4,파라다이스시티,37.437217,126.459858,N,
자기부상철도,5,워터파크,37.429227,126.434183,N,
자기부상철도,6,용유,37.424805,126.423637,N,
진접선,1,진접,37.720472,127.203167,N,
진접선,2,오남,37.7054056,127.191644,N,
진접선,3,별내별가람,37.667833,127.116167,N,
