id,x,y,r,환승,역명,색목록
0,1742.22,1308.71,2.9,N,,#9a958c
1,1398.37,2383.04,2.9,N,,#a35e8c
2,2287.93,279.08,2.9,N,탑석,#df7504
3,2266.58,257.75,2.9,N,송산,#df7504
4,2245.23,236.42,2.9,N,어룡,#df7504
5,2223.88,215.09,2.9,N,곤제,#df7504
6,914.79,548.29,2.9,N,구산,#713b1d
7,1783.51,380.6,2.9,N,방학,#004b84
8,1808.62,355.49,2.9,N,도봉,#004b84
9,1873.69,290.42,2.9,N,망월사,#004b84
10,1947.64,216.47,2.9,N,가능,#004b84
11,1989.18,174.92,2.9,N,녹양,#004b84
12,2009.42,154.68,2.9,N,양주,#004b84
13,2029.66,134.45,2.9,N,덕계,#004b84
14,2049.9,114.21,2.9,N,덕정,#004b84
15,2070.13,93.97,2.9,N,지행,#004b84
16,1703.3,417.58,2.9,N,쌍문,#009bce
17,2433.37,425.65,2.9,N,,#006550
18,1372.52,1184.03,2.9,N,버티고개,#713b1d
19,1344.36,1212.14,2.9,N,한강진,#713b1d
20,1290.4,1266.1,2.9,N,녹사평,#713b1d
21,1316.29,1240.08,2.9,N,이태원,#713b1d
22,1501.02,713.54,2.9,N,창신,#713b1d
23,708.4,1156.73,2.9,N,망원,#713b1d
24,678.08,1126.42,2.9,N,마포구청,#713b1d
25,653.51,1051.68,2.9,N,월드컵경기장,#713b1d
26,807.2,1255.75,2.9,N,상수,#713b1d
27,872.61,1283.08,2.9,N,광흥창,#713b1d
28,930.44,1283.08,2.9,N,대흥,#713b1d
29,963.48,548.48,2.9,N,역촌,#713b1d
30,939.07,480.37,2.9,N,독바위,#713b1d
31,1245.92,1181.82,2.9,N,숙대입구,#009bce
32,1398.36,703.13,2.9,N,혜화,#009bce
33,1428.99,672.51,2.9,N,한성대입구,#009bce
34,1245.92,1310.56,2.9,N,,#009bce
35,1245.92,1936.34,2.9,N,남태령,#009bce
36,1245.92,1972.38,2.9,N,선바위,#009bce
37,1245.92,2004.94,2.9,N,경마공원,#009bce
38,1245.92,2041.31,2.9,N,대공원,#009bce
39,1213.07,2066.61,2.9,N,과천,#009bce
40,1167.02,2066.61,2.9,N,정부과천청사,#009bce
41,1114.46,2066.45,2.9,N,인덕원,#009bce
42,1068.46,2066.45,2.9,N,평촌,#009bce
43,1021.1,2066.45,2.9,N,범계,#009bce
44,933.47,2102.6,2.9,N,산본,#009bce
45,933.47,2140.54,2.9,N,수리산,#009bce
46,933.47,2178.48,2.9,N,대야미,#009bce
47,933.47,2216.41,2.9,N,반월,#009bce
48,933.47,2254.35,2.9,N,상록수,#009bce
49,1364.25,1055.1,2.9,N,동대입구,#eb6101
50,1431.62,1218.62,2.9,N,금호,#eb6101
51,1431.62,1414.73,2.9,N,압구정,#eb6101
52,1431.62,1512.85,2.9,N,잠원,#eb6101
53,1461.52,1919.27,2.9,N,남부터미널,#eb6101
54,1562.69,1919.27,2.9,N,매봉,#eb6101
55,1663.03,1919.27,2.9,N,대치,#eb6101
56,1710.37,1919.27,2.9,N,학여울,#eb6101
57,1758.43,1919.27,2.9,N,대청,#eb6101
58,1805.05,1919.27,2.9,N,일원,#eb6101
59,1979.3,1774.62,2.9,N,경찰병원,#eb6101
60,1169.78,686.35,2.9,N,안국,#eb6101
61,1154.07,652.84,2.9,N,경복궁,#eb6101
62,1121.49,620.3,2.9,N,독립문,#eb6101
63,1091.71,590.45,2.9,N,무악재,#eb6101
64,1063.57,562.54,2.9,N,홍제,#eb6101
65,1036.22,535.19,2.9,N,녹번,#eb6101
66,816.38,522.84,2.9,N,구파발,#eb6101
67,355.69,522.97,2.9,N,정발산,#eb6101
68,402.53,523.1,2.9,N,마두,#eb6101
69,450.63,522.84,2.9,N,백석,#eb6101
70,903.22,1457.37,2.9,N,국회의사당,#a49d87
71,1178.23,1457.37,2.9,N,노들,#a49d87
72,1214.79,1457.37,2.9,N,흑석,#a49d87
73,1245.92,1004.56,2.9,N,명동,#009bce
74,1245.92,1048.07,2.9,N,회현,#009bce
75,1319.85,1503.53,2.9,N,구반포,#a49d87
76,1355.1,1538.78,2.9,N,신반포,#a49d87
77,1470.05,1594.87,2.9,N,사평,#a49d87
78,1561.32,1594.87,2.9,N,언주,#a49d87
79,1652.18,1594.87,2.9,N,삼성중앙,#a49d87
80,1694.72,1594.87,2.9,N,봉은사,#a49d87
81,1789.67,1594.87,2.9,N,삼전,#a49d87
82,1833.83,1594.87,2.9,N,석촌고분,#a49d87
83,1918.23,1594.87,2.9,N,송파나루,#a49d87
84,1956.07,1594.87,2.9,N,한성백제,#a49d87
85,2052.16,1534.69,2.9,N,둔촌오륜,#a49d87
86,2100.57,1486.06,2.9,N,중앙보훈병원,#a49d87
87,1849.65,1399.14,2.9,N,몽촌토성,#e5006a
88,1913.28,1335.51,2.9,N,강동구청,#e5006a
89,2031.13,1217.91,2.9,N,암사,#e5006a
90,2061.01,1187.55,2.9,N,암사역사공원,#e5006a
91,2133.04,1009.46,2.9,N,,#e5006a
92,2157.65,689.17,2.9,N,,#e5006a
93,2175.45,671.6,2.9,N,다산,#e5006a
94,1882.18,1700.48,2.9,N,송파,#e5006a
95,1955.45,1848.26,2.9,N,문정,#e5006a
96,1979.52,1872.24,2.9,N,장지,#e5006a
97,2040.74,1933.62,2.9,N,남위례,#e5006a
98,2064.28,1956.9,2.9,N,산성,#e5006a
99,2089.65,1982.62,2.9,N,남한산성입구,#e5006a
100,2115.11,2008.11,2.9,N,단대오거리,#e5006a
101,2095.08,2030.57,2.9,N,신흥,#e5006a
102,2052.33,2030.57,2.9,N,수진,#e5006a
103,702.68,1297.63,2.9,N,선유도,#a49d87
104,659.48,1254.45,2.9,N,신목동,#a49d87
105,615.79,1210.92,2.9,N,염창,#a49d87
106,572.14,1167.2,2.9,N,등촌,#a49d87
107,555.89,1065.87,2.9,N,가양,#a49d87
108,555.89,1019.53,2.9,N,양천향교,#a49d87
109,555.89,1117.42,2.9,N,증미,#a49d87
110,419.5,956.58,2.9,N,공항시장,#a49d87
111,313.84,956.69,2.9,N,개화,#a49d87
112,473.2,956.58,2.9,N,신방화,#a49d87
113,985.42,1362.52,2.9,N,마포,#794698
114,985.42,1428.01,2.9,N,여의나루,#794698
115,985.42,1115.54,2.9,N,애오개,#794698
116,856.93,1518.89,2.9,N,영등포시장,#794698
117,716.7,1456.96,2.9,N,양평,#794698
118,680.57,1420.86,2.9,N,오목교,#794698
119,641.07,1381.29,2.9,N,목동,#794698
120,607.04,1347.15,2.9,N,신정,#794698
121,527.31,1267.63,2.9,N,화곡,#794698
122,476.88,1217.05,2.9,N,우장산,#794698
123,432.84,1173.27,2.9,N,발산,#794698
124,391.8,1131.81,2.9,N,마곡,#794698
125,372.83,1062.2,2.9,N,송정,#794698
126,372.83,869.12,2.9,N,개화산,#794698
127,372.83,832.52,2.9,N,방화,#794698
128,985.42,843.93,2.9,N,서대문,#794698
129,985.42,784.64,2.9,N,광화문,#794698
130,1534.77,972.26,2.9,N,신금호,#794698
131,1575.83,972.26,2.9,N,행당,#794698
132,1774.36,972.26,3.15,Y,마장|용답,#00a23f|#794698
133,1836.05,972.26,2.9,N,답십리,#794698
134,1885.76,972.26,2.9,N,장한평,#794698
135,1995.92,1043.82,2.9,N,아차산,#794698
136,1995.92,1115.77,2.9,N,광나루,#794698
137,1995.92,1486.83,2.9,N,둔촌동,#794698
138,1995.92,1662.69,2.9,N,방이,#794698
139,2059.85,1729.41,2.9,N,개롱,#794698
140,2101.69,1729.41,2.9,N,거여,#794698
141,2141.04,1729.41,2.9,N,마천,#794698
142,2170.7,1191.15,2.9,N,상일동,#794698
143,2137.87,1223.98,2.9,N,고덕,#794698
144,2105.03,1256.82,2.9,N,명일,#794698
145,2072.2,1289.65,2.9,N,굽은다리,#794698
146,2039.37,1322.48,2.9,N,길동,#794698
147,2236.37,1125.48,2.9,N,미사,#794698
148,2291.22,1112.53,2.9,N,하남풍산,#794698
149,2344.41,1112.53,2.9,N,하남시청,#794698
150,2400.46,1112.53,2.9,N,하남검단산,#794698
151,2203.53,1158.32,2.9,N,강일,#794698
152,182.74,1456.68,2.9,N,산곡,#69702e
153,471.73,1493.87,2.9,N,신중동,#69702e
154,506.32,1528.23,2.9,N,춘의,#69702e
155,577.98,1600.08,2.9,N,까치울,#69702e
156,321.54,1456.68,2.9,N,삼산체육관,#69702e
157,365.03,1456.68,2.9,N,상동,#69702e
158,414.58,1456.68,2.9,N,부천시청,#69702e
159,275.8,1456.68,2.9,N,굴포천,#69702e
160,718.1,1709.29,2.9,N,철산,#69702e
161,827.62,1709.29,2.9,N,남구로,#69702e
162,653.15,1674.93,2.9,N,천왕,#69702e
163,680.08,1702.41,2.9,N,광명사거리,#69702e
164,1058.32,1598.75,2.9,N,서울지방병무청,#557ec0
165,1007.14,1729.12,2.9,N,보라매공원,#557ec0
166,1007.14,1752.95,2.9,N,보라매병원,#557ec0
167,1007.14,1898.32,2.9,N,서원,#557ec0
168,1026.01,1934.22,2.9,N,서울대벤처타운,#557ec0
169,1093.88,1934.8,2.9,N,관악산,#557ec0
170,948.94,1709.29,2.9,N,신풍,#69702e
171,1097.46,1709.29,2.9,N,장승배기,#69702e
172,1053.35,1709.29,2.9,N,신대방삼거리,#69702e
173,1134.96,1709.29,2.9,N,상도,#69702e
174,1172.88,1709.29,2.9,N,숭실대입구,#69702e
175,1210.81,1709.29,2.9,N,남성,#69702e
176,1007.14,1776.78,2.9,N,당곡,#557ec0
177,1355.04,1673.45,2.9,N,내방,#69702e
178,1470.9,1557.54,2.9,N,반포,#69702e
179,1558.21,1470.48,2.9,N,학동,#69702e
180,1683.5,1345.37,2.9,N,청담,#69702e
181,1742.22,1286.94,2.9,N,자양,#69702e
182,1885.58,1143.29,2.9,N,어린이대공원,#69702e
183,1925.12,926.72,2.9,N,중곡,#69702e
184,1925.12,885.71,2.9,N,용마산,#69702e
185,1925.12,844.7,2.9,N,사가정,#69702e
186,1925.12,803.69,2.9,N,면목,#69702e
187,1543.76,1986.28,2.9,N,양재시민의숲,#c12c30
188,1596.18,2038.34,2.9,N,청계산입구,#c12c30
189,1537.88,2229.32,2.9,N,광교중앙,#c12c30
190,1454.1,2229.26,2.9,N,광교,#c12c30
191,1619.94,2229.34,2.9,N,상현,#c12c30
192,1696.34,2229.34,2.9,N,성복,#c12c30
193,1783.89,2229.34,2.9,N,수지구청,#c12c30
194,1863.84,2229.34,2.9,N,동천,#c12c30
195,1215.12,1213.37,2.9,N,남영,#004b84
196,887.71,1580.67,2.9,N,영등포,#004b84
197,744.74,1642.22,2.9,N,구일,#004b84
198,707.38,1642.22,2.9,N,개봉,#004b84
199,673.38,1642.22,2.9,N,오류동,#004b84
200,583.35,1642.22,2.9,N,역곡,#004b84
201,547.7,1724.49,2.9,N,소새울,#4da635
202,432.92,1374.07,2.9,N,원종,#4da635
203,547.69,1886.87,2.9,N,시흥대야,#4da635
204,547.69,1975.37,2.9,N,신천,#4da635
205,591.24,2036.6,2.9,N,신현,#4da635
206,630.92,2076.32,2.9,N,시흥시청,#4da635
207,670.6,2116.04,2.9,N,시흥능곡,#4da635
208,723.18,2362.51,2.9,N,시우,#4da635
209,790.75,2382.61,2.9,N,원시,#4da635
210,710.28,2155.76,2.9,N,달미,#4da635
211,723.18,2201.12,2.9,N,선부,#4da635
212,484.9,1642.22,2.9,N,부천,#004b84
213,427.66,1642.22,2.9,N,중동,#004b84
214,371.16,1642.22,2.9,N,송내,#004b84
215,312.65,1642.22,2.9,N,부개,#004b84
216,773.88,1784.45,2.9,N,독산,#004b84
217,720.84,1832.91,2.9,N,,#9a958c
218,795.17,1907.98,2.9,N,석수,#004b84
219,833.44,1946.25,2.9,N,관악,#004b84
220,871.71,1984.52,2.9,N,안양,#004b84
221,909.98,2022.79,2.9,N,명학,#004b84
222,1016.01,2128.79,2.9,N,군포,#004b84
223,1048.65,2161.44,2.9,N,당정,#004b84
224,1081.3,2194.09,2.9,N,의왕,#004b84
225,1113.94,2226.74,2.9,N,성균관대,#004b84
226,1146.58,2259.39,2.9,N,화서,#004b84
227,1158.79,2334.6,2.9,N,세류,#004b84
228,1077.27,2416.12,2.9,N,오산대,#004b84
229,1101.26,2392.13,2.9,N,세마,#004b84
230,1053.28,2440.11,2.9,N,오산,#004b84
231,1047.83,793.25,2.9,N,종각,#004b84
232,1268.64,746.48,2.9,N,종로5가,#004b84
233,1469.22,298.05,2.9,N,북한산우이,#bacc00
234,1469.22,329.52,2.9,N,솔밭공원,#bacc00
235,1469.22,360.98,2.9,N,4.19민주묘지,#bacc00
236,1469.22,392.44,2.9,N,가오리,#bacc00
237,1469.22,423.91,2.9,N,화계,#bacc00
238,1469.22,455.37,2.9,N,삼양,#bacc00
239,1469.22,486.84,2.9,N,삼양사거리,#bacc00
240,1469.22,518.3,2.9,N,솔샘,#bacc00
241,1469.22,549.76,2.9,N,북한산보국문,#bacc00
242,1469.22,581.23,2.9,N,정릉,#bacc00
243,1105.46,847.41,2.9,N,을지로입구,#00a23f
244,918.74,956.68,2.9,N,아현,#00a23f
245,866.49,1011.7,2.9,N,이대,#00a23f
246,831.29,1061.36,2.9,N,신촌,#00a23f
247,796.41,1566.02,2.9,N,문래,#00a23f
248,931.43,1744.25,2.9,N,구로디지털단지,#00a23f
249,971.93,1775.08,2.9,N,신대방,#00a23f
250,1059.71,1825.04,2.9,N,봉천,#00a23f
251,1113.44,1846.43,2.9,N,서울대입구,#00a23f
252,1186.49,1863.3,2.9,N,낙성대,#00a23f
253,1333.78,1866.45,2.9,N,방배,#00a23f
254,1382.12,1858.39,2.9,N,서초,#00a23f
255,1561.19,1783.1,2.9,N,역삼,#00a23f
256,1678.84,1677.52,2.9,N,삼성,#00a23f
257,1772.05,1505.54,2.9,N,잠실새내,#00a23f
258,1794.07,1402.0,2.9,N,잠실나루,#00a23f
259,1796.86,1332.19,2.9,N,강변,#00a23f
260,1794.62,1284.03,2.9,N,구의,#00a23f
261,1706.63,1049.75,2.9,N,한양대,#00a23f
262,1733.99,1095.83,2.9,N,뚝섬,#00a23f
263,731.52,1554.32,2.9,N,신정네거리,#00a23f
264,681.1,1503.78,2.9,N,양천구청,#00a23f
265,598.4,1420.86,2.9,N,도림천,#00a23f
266,1746.92,936.11,2.9,N,신답,#00a23f
267,1654.06,843.1,2.9,N,용두,#00a23f
268,1847.6,1068.57,2.9,N,성수,#00a23f
269,1648.39,746.49,2.9,N,제기동,#004b84
270,2099.97,2097.71,2.9,N,삼동,#1d2f63
271,2167.34,2097.71,2.9,N,경기광주,#1d2f63
272,2220.91,2134.42,2.9,N,초월,#1d2f63
273,2262.14,2175.63,2.9,N,곤지암,#1d2f63
274,2303.38,2216.84,2.9,N,신둔도예촌,#1d2f63
275,2344.61,2258.05,2.9,N,이천,#1d2f63
276,2385.85,2299.27,2.9,N,부발,#1d2f63
277,2425.34,2338.73,2.9,N,세종대왕릉,#1d2f63
278,2466.58,2379.95,2.9,N,여주,#1d2f63
279,1753.31,2347.5,2.9,N,강남대,#71b22d
280,1783.56,2377.74,2.9,N,지석,#71b22d
281,1827.74,2401.84,2.9,N,어정,#71b22d
282,1923.04,2401.84,2.9,N,초당,#71b22d
283,1875.49,2401.84,2.9,N,동백,#71b22d
284,1968.85,2401.84,2.9,N,삼가,#71b22d
285,2014.66,2401.84,2.9,N,시청·용인대,#71b22d
286,2060.46,2401.84,2.9,N,명지대,#71b22d
287,2106.27,2401.84,2.9,N,김량장,#71b22d
288,2152.08,2401.84,2.9,N,용인중앙시장,#71b22d
289,2197.89,2401.84,2.9,N,고진,#71b22d
290,2243.69,2401.84,2.9,N,보평,#71b22d
291,2289.5,2401.84,2.9,N,둔전,#71b22d
292,2335.31,2401.84,2.9,N,전대·에버랜드,#71b22d
293,888.63,1191.12,2.9,N,서강대,#6bc2b3
294,1345.69,1336.26,2.9,N,서빙고,#6bc2b3
295,1389.66,1331.34,2.9,N,한남,#6bc2b3
296,1501.38,1219.55,2.9,N,응봉,#6bc2b3
297,1549.1,665.46,2.9,N,안암,#713b1d
298,1572.22,642.34,2.9,N,고려대,#713b1d
299,1593.99,620.58,2.9,N,,#713b1d
300,1664.1,585.44,2.9,N,월곡,#713b1d
301,1721.33,585.44,2.9,N,상월곡,#713b1d
302,1925.12,626.98,2.9,N,먹골,#69702e
303,1925.12,655.72,2.9,N,중화,#69702e
304,1757.45,658.42,2.9,N,외대앞,#004b84
305,1757.45,620.39,2.9,N,신이문,#004b84
306,2013.63,588.14,2.9,N,화랑대,#713b1d
307,2046.64,620.69,2.9,N,봉화산,#713b1d
308,2067.76,713.24,2.9,N,양원,#6bc2b3
309,2137.26,713.24,3.15,Y,구리,#6bc2b3|#e5006a
310,2179.58,713.24,2.9,N,도농,#6bc2b3
311,2222.28,713.24,2.9,N,양정,#6bc2b3
312,2264.98,713.24,2.9,N,덕소,#6bc2b3
313,2307.68,713.24,2.9,N,도심,#6bc2b3
314,2350.38,713.24,2.9,N,팔당,#6bc2b3
315,2393.07,713.24,2.9,N,운길산,#6bc2b3
316,2433.63,725.93,2.9,N,양수,#6bc2b3
317,2433.83,754.9,2.9,N,신원,#6bc2b3
318,2433.78,783.87,2.9,N,국수,#6bc2b3
319,2433.83,812.84,2.9,N,아신,#6bc2b3
320,2433.78,841.81,2.9,N,오빈,#6bc2b3
321,2433.43,870.78,2.9,N,,#6bc2b3
322,2433.64,899.76,2.9,N,원덕,#6bc2b3
323,2433.64,928.72,2.9,N,용문,#6bc2b3
324,2433.64,957.7,2.9,N,지평,#6bc2b3
325,2433.37,392.96,2.9,N,,#006550
326,2433.37,458.35,2.9,N,가평,#006550
327,2433.37,491.05,2.9,N,상천,#006550
328,2433.37,523.75,2.9,N,청평,#006550
329,2433.37,556.45,2.9,N,대성리,#006550
330,2433.37,589.14,2.9,N,마석,#006550
331,2415.67,631.6,2.9,N,천마산,#006550
332,2364.44,631.6,2.9,N,평내호평,#006550
333,2320.27,631.6,2.9,N,금곡,#006550
334,2276.1,631.6,2.9,N,사릉,#006550
335,2232.16,631.6,2.9,N,퇴계원,#006550
336,2179.1,636.48,3.15,Y,별내,#006550|#e5006a
337,2136.54,631.6,2.9,N,갈매,#006550
338,2433.37,360.26,2.9,N,,#006550
339,2433.37,327.56,2.9,N,,#006550
340,2433.37,294.86,2.9,N,,#006550
341,2433.37,262.16,2.9,N,,#006550
342,1925.12,528.75,2.9,N,공릉,#69702e
343,1925.12,490.88,2.9,N,하계,#69702e
344,1925.12,454.42,2.9,N,중계,#69702e
345,1527.97,573.53,2.9,N,길음,#009bce
346,1568.15,533.34,2.9,N,미아사거리,#009bce
347,1608.34,493.16,2.9,N,미아,#009bce
348,1648.52,452.97,2.9,N,수유,#009bce
349,1980.58,417.47,2.9,N,상계,#009bce
350,2025.98,417.47,2.9,N,불암산,#009bce
351,2097.06,417.47,2.9,N,별내별가람,#009bce
352,2159.63,417.47,2.9,N,오남,#009bce
353,2222.21,417.47,2.9,N,진접,#009bce
354,1984.06,322.83,2.9,N,장암,#69702e
355,1892.63,375.18,2.9,N,마들,#69702e
356,1868.5,351.05,2.9,N,수락산,#69702e
357,1757.43,525.26,3.15,Y,광운대,#004b84|#006550
358,1757.45,490.88,2.9,N,월계,#004b84
359,1757.45,454.42,2.9,N,녹천,#004b84
360,1927.78,279.06,2.9,N,발곡,#df7504
361,1888.22,239.5,2.9,N,범골,#df7504
362,1869.22,220.49,2.9,N,경전철의정부,#df7504
363,1879.52,203.11,2.9,N,의정부시청,#df7504
364,1930.23,203.11,2.9,N,흥선,#df7504
365,2020.87,203.11,2.9,N,의정부중앙,#df7504
366,2064.81,203.11,2.9,N,동오,#df7504
367,2108.76,203.11,2.9,N,새말,#df7504
368,2152.7,203.11,2.9,N,경기도청북부청사,#df7504
369,2196.65,203.11,2.9,N,효자,#df7504
370,920.12,1043.18,2.9,N,,#6bc2b3
371,519.99,722.84,2.9,N,강매,#6bc2b3
372,519.99,656.27,2.9,N,행신,#6bc2b3
373,569.11,871.59,2.9,N,수색,#6bc2b3
374,498.61,289.23,2.9,N,탄현,#6bc2b3
375,452.85,289.23,2.9,N,야당,#6bc2b3
376,407.09,289.23,2.9,N,운정,#6bc2b3
377,361.15,289.23,2.9,N,금릉,#6bc2b3
378,315.45,289.23,2.9,N,금촌,#6bc2b3
379,269.75,289.23,2.9,N,월롱,#6bc2b3
380,248.12,499.69,2.9,N,,#a35e8c
381,190.77,442.34,2.9,N,,#a35e8c
382,224.05,289.23,2.9,N,파주,#6bc2b3
383,178.35,289.23,2.9,N,문산,#6bc2b3
384,132.66,289.23,2.9,N,운천,#6bc2b3
385,86.96,289.23,2.9,N,임진강,#6bc2b3
386,236.79,1331.23,2.9,N,작전,#86b3e0
387,236.79,1281.3,2.9,N,경인교대입구,#86b3e0
388,236.79,1232.93,2.9,N,계산,#86b3e0
389,236.79,1179.02,2.9,N,임학,#86b3e0
390,236.79,1126.98,2.9,N,박촌,#86b3e0
391,236.79,1077.04,2.9,N,귤현,#86b3e0
392,236.79,1530.4,2.9,N,부평시장,#86b3e0
393,311.66,1693.49,2.9,N,동수,#86b3e0
394,333.37,1720.36,2.9,N,부평삼거리,#86b3e0
395,333.37,1753.16,2.9,N,간석오거리,#86b3e0
396,333.37,1903.24,2.9,N,예술회관,#86b3e0
397,333.37,1943.14,2.9,N,인천터미널,#86b3e0
398,333.37,1983.04,2.9,N,문학경기장,#86b3e0
399,333.37,2022.95,2.9,N,선학,#86b3e0
400,333.37,2062.85,2.9,N,신연수,#86b3e0
401,333.37,2145.45,2.9,N,동춘,#86b3e0
402,333.37,2175.91,2.9,N,동막,#86b3e0
403,333.37,2206.38,2.9,N,캠퍼스타운,#86b3e0
404,333.37,2236.84,2.9,N,테크노파크,#86b3e0
405,333.37,2297.77,2.9,N,인천대입구,#86b3e0
406,333.37,2267.31,2.9,N,지식정보단지,#86b3e0
407,333.37,2328.24,2.9,N,센트럴파크,#86b3e0
408,321.79,2361.57,2.9,N,국제업무지구,#86b3e0
409,251.31,2361.49,2.9,N,송도달빛축제공원,#86b3e0
410,1608.73,1238.87,2.9,N,서울숲,#eca300
411,1608.73,1329.66,2.9,N,압구정로데오,#eca300
412,1608.73,1824.13,2.9,N,한티,#eca300
413,1628.37,1970.62,2.9,N,구룡,#eca300
414,1703.11,1970.62,2.9,N,개포동,#eca300
415,1774.02,1970.62,2.9,N,대모산입구,#eca300
416,2006.08,1955.02,2.9,N,가천대,#eca300
417,2006.08,1992.28,2.9,N,태평,#eca300
418,2006.08,2063.93,2.9,N,야탑,#eca300
419,1933.24,2262.16,2.9,N,오리,#eca300
420,1956.36,2143.53,2.9,N,수내,#eca300
421,1980.04,2119.82,2.9,N,서현,#eca300
422,1909.66,2296.1,2.9,N,죽전,#eca300
423,1863.48,2296.1,2.9,N,보정,#eca300
424,1811.2,2296.17,3.15,Y,구성,#a35e8c|#eca300
425,1762.27,2296.1,2.9,N,신갈,#eca300
426,1278.69,2296.1,2.9,N,매교,#eca300
427,1341.12,2296.1,2.9,N,수원시청,#eca300
428,1403.56,2296.1,2.9,N,매탄권선,#eca300
429,1465.99,2296.1,2.9,N,망포,#eca300
430,1528.43,2296.1,2.9,N,영통,#eca300
431,1590.86,2296.1,2.9,N,청명,#eca300
432,1653.3,2296.1,2.9,N,상갈,#eca300
433,1146.82,2296.1,2.9,N,고색,#eca300
434,1100.61,2296.1,2.9,N,오목천,#eca300
435,1054.72,2296.1,2.9,N,어천,#eca300
436,966.02,2296.1,2.9,N,사리,#eca300
437,1011.25,2296.1,2.9,N,야목,#eca300
438,413.48,2116.29,2.9,N,남동인더스파크,#eca300
439,413.48,2145.9,2.9,N,호구포,#eca300
440,413.48,2175.51,2.9,N,인천논현,#eca300
441,413.48,2205.11,2.9,N,소래포구,#eca300
442,413.48,2234.72,2.9,N,월곶,#eca300
443,413.48,2264.33,2.9,N,달월,#eca300
444,224.09,2012.7,2.9,N,신포,#eca300
445,224.09,2045.81,2.9,N,숭의,#eca300
446,224.03,2077.5,2.9,N,인하대,#eca300
447,245.24,2099.91,2.9,N,송도,#eca300
448,287.8,2099.9,2.9,N,연수,#eca300
449,224.02,1845.53,2.9,N,도화,#004b84
450,224.02,1876.96,2.9,N,제물포,#004b84
451,224.02,1908.38,2.9,N,도원,#004b84
452,224.02,1939.8,2.9,N,동인천,#004b84
453,224.02,1668.76,2.9,N,백운,#004b84
454,224.02,1699.86,2.9,N,동암,#004b84
455,224.02,1730.96,2.9,N,간석,#004b84
456,129.99,838.1,2.9,N,왕길,#f4a463
457,129.99,802.66,2.9,N,검단오류,#f4a463
458,129.99,873.54,2.9,N,검단사거리,#f4a463
459,129.99,908.98,2.9,N,마전,#f4a463
460,129.99,944.42,2.9,N,완정,#f4a463
461,129.99,979.86,2.9,N,독정,#f4a463
462,129.99,1158.42,2.9,N,아시아드경기장,#f4a463
463,129.99,1090.83,2.9,N,검바위,#f4a463
464,129.99,1222.99,2.9,N,서구청,#f4a463
465,129.99,1291.22,2.9,N,가정,#f4a463
466,129.99,1361.69,2.9,N,가정중앙시장,#f4a463
467,129.99,1530.08,2.9,N,가재울,#f4a463
468,155.66,1710.88,2.9,N,주안국가산단,#f4a463
469,259.73,1794.48,2.9,N,시민공원,#f4a463
470,307.86,1794.48,2.9,N,석바위시장,#f4a463
471,440.06,1820.08,2.9,N,석천사거리,#f4a463
472,440.06,1857.21,2.9,N,모래내시장,#f4a463
473,440.06,1894.34,2.9,N,만수,#f4a463
474,440.06,1931.46,2.9,N,남동구청,#f4a463
475,440.07,2005.72,2.9,N,운연,#f4a463
476,440.07,1968.59,2.9,N,인천대공원,#f4a463
477,52.92,1093.66,2.9,N,청라국제도시,#006390
478,52.92,1864.28,2.9,N,영종,#006390
479,52.92,2048.5,2.9,N,공항화물청사,#006390
480,52.92,1956.39,2.9,N,운서,#006390
481,52.92,2140.6,2.9,N,인천공항1터미널,#006390
482,52.92,2232.71,2.9,N,인천공항2터미널,#006390
483,107.39,672.03,2.9,N,구래,#957326
484,77.49,642.13,2.9,N,양촌,#957326
485,137.3,701.94,2.9,N,마산,#957326
486,167.2,731.84,2.9,N,장기,#957326
487,197.1,761.75,2.9,N,운양,#957326
488,227.01,791.65,2.9,N,걸포북변,#957326
489,256.91,821.55,2.9,N,사우,#957326
490,286.82,851.46,2.9,N,풍무,#957326
491,316.72,881.36,2.9,N,고촌,#957326
492,586.87,522.84,2.9,N,화정,#eb6101
493,632.77,522.84,2.9,N,원당,#eb6101
494,678.67,522.84,2.9,N,원흥,#eb6101
495,770.55,522.84,2.9,N,지축,#eb6101
496,724.62,522.84,2.9,N,삼송,#eb6101
497,236.79,1379.79,2.9,N,갈산,#86b3e0
498,516.81,589.7,3.15,Y,능곡,#4da635|#6bc2b3
499,312.62,496.86,2.9,N,주엽,#eb6101
500,282.02,466.07,2.9,N,대화,#eb6101
501,1203.45,2367.3,2.9,N,,#9a958c
502,1029.29,2464.1,2.9,N,진위,#004b84
503,994.39,2472.37,2.9,N,송탄,#004b84
504,893.21,2472.37,2.9,N,평택지제,#004b84
505,786.35,2472.37,2.9,N,,#004b84
506,679.82,2472.37,2.9,N,,#004b84
507,626.28,2472.37,2.9,N,,#004b84
508,946.76,2472.37,2.9,N,서정리,#004b84
509,839.84,2472.37,2.9,N,평택,#004b84
510,733.35,2472.37,2.9,N,,#004b84
511,251.54,2472.37,2.9,N,,#004b84
512,305.07,2472.37,2.9,N,,#004b84
513,358.61,2472.37,2.9,N,,#004b84
514,412.14,2472.37,2.9,N,,#004b84
515,465.68,2472.37,2.9,N,,#004b84
516,572.75,2472.37,2.9,N,,#004b84
517,519.21,2472.37,2.9,N,,#004b84
518,936.07,575.69,2.9,N,응암,#713b1d
519,729.37,782.37,2.9,N,증산,#713b1d
520,799.77,712.21,2.9,N,새절,#713b1d
521,1757.45,412.72,3.15,Y,창동,#004b84|#009bce
522,1206.22,1092.4,2.9,N,,#a35e8c
523,1219.5,1092.4,3.15,Y,공덕|서울,#004b84|#006390
524,1232.78,1092.4,2.9,N,,#9a958c
525,1246.06,1092.4,2.9,N,,#009bce
526,1630.26,972.26,3.15,Y,왕십리,#6bc2b3|#794698
527,1643.54,972.26,3.15,Y,상왕십리|왕십리,#00a23f|#794698
528,1656.81,972.26,3.15,Y,왕십리,#794698|#eca300
529,1670.09,972.26,2.9,N,왕십리,#794698
530,985.42,1243.44,3.15,Y,공덕,#6bc2b3|#794698
531,985.42,1256.71,2.9,N,공덕,#794698
532,985.42,1269.99,3.15,Y,공덕|홍대입구,#006390|#794698
533,985.42,1283.27,3.15,Y,공덕,#713b1d|#794698
534,785.62,1117.42,2.9,N,,#006390
535,798.9,1117.42,2.9,N,홍대입구,#00a23f
536,812.17,1117.42,2.9,N,홍대입구,#6bc2b3
537,372.83,969.06,3.15,Y,김포공항,#006390|#794698
538,372.83,955.78,3.15,Y,김포공항,#794698|#a49d87
539,372.83,942.51,2.9,N,김포공항,#794698
540,372.83,929.23,3.15,Y,김포공항,#4da635|#794698
541,372.83,915.95,3.15,Y,김포공항,#794698|#957326
542,1169.78,731.68,2.9,N,종로3가,#eb6101
543,1169.78,744.96,3.15,Y,종로3가,#004b84|#eb6101
544,1169.78,758.23,3.15,Y,종로3가,#794698|#eb6101
545,896.74,522.84,3.15,Y,연신내,#713b1d|#eb6101
546,883.47,522.84,3.15,Y,연신내,#a35e8c|#eb6101
547,870.19,522.85,2.9,N,연신내,#eb6101
548,1925.12,700.46,3.15,Y,상봉,#006550|#69702e
549,1925.12,713.74,3.15,Y,상봉,#69702e|#6bc2b3
550,1925.12,727.01,2.9,N,상봉,#69702e
551,1706.33,743.97,2.9,N,,#004b84
552,1715.71,753.36,2.9,N,,#9a958c
553,1725.1,762.75,2.9,N,청량리,#6bc2b3
554,1734.49,772.14,2.9,N,,#eca300
555,1757.45,695.32,2.9,N,회기,#004b84
556,1766.84,704.71,2.9,N,,#006550
557,1776.23,714.1,2.9,N,회기,#6bc2b3
558,1854.85,706.86,3.15,Y,중랑,#006550|#6bc2b3
559,2020.41,706.87,3.15,Y,망우,#006550|#6bc2b3
560,2072.17,652.89,3.15,Y,신내,#006550|#713b1d
561,1757.45,579.27,3.15,Y,석계,#004b84|#713b1d
562,1485.76,741.09,3.15,Y,동묘앞,#004b84|#713b1d
563,1925.12,579.27,3.15,Y,태릉입구,#69702e|#713b1d
564,1837.56,326.27,3.15,Y,도봉산,#004b84|#69702e
565,1910.29,253.53,3.15,Y,회룡,#004b84|#df7504
566,1365.78,741.09,3.15,Y,동대문,#004b84|#009bce
567,1925.12,412.72,3.15,Y,노원,#009bce|#69702e
568,653.51,958.07,3.15,Y,디지털미디어시티,#6bc2b3|#713b1d
569,653.51,971.35,2.9,N,디지털미디어시티,#713b1d
570,653.51,984.63,3.15,Y,디지털미디어시티,#006390|#713b1d
571,1405.14,1594.87,2.9,N,고속터미널,#a49d87
572,1418.42,1594.87,2.9,N,고속터미널,#a49d87
573,1431.69,1594.87,4.3,Y,고속터미널,#69702e|#a49d87|#eb6101
574,1838.76,1919.27,2.9,N,수서,#eb6101
575,1852.03,1919.27,2.9,N,수서,#eca300
576,1865.31,1919.27,2.9,N,,#a35e8c
577,1431.62,1449.63,3.15,Y,신사,#c12c30|#eb6101
578,454.9,2289.77,3.15,Y,오이도,#009bce|#eca300
579,529.29,2289.77,3.15,Y,정왕,#009bce|#eca300
580,603.6,2289.77,3.15,Y,능길,#009bce|#eca300
581,668.4,2289.77,3.15,Y,안산,#009bce|#eca300
582,793.3,2289.77,3.15,Y,고잔,#009bce|#eca300
583,851.35,2289.77,3.15,Y,중앙,#009bce|#eca300
584,912.52,2289.77,3.15,Y,한대앞,#009bce|#eca300
585,1465.86,635.09,3.15,Y,성신여대입구,#009bce|#bacc00
586,1521.24,684.73,3.15,Y,보문,#713b1d|#bacc00
587,1572.29,733.21,2.9,N,신설동,#bacc00
588,1572.29,746.49,2.9,N,신설동,#004b84
589,1572.29,759.76,2.9,N,신설동,#00a23f
590,1929.87,972.26,3.15,Y,군자,#69702e|#794698
591,1084.73,1283.08,3.15,Y,효창공원앞,#6bc2b3|#713b1d
592,1431.61,1129.77,3.15,Y,약수,#713b1d|#eb6101
593,1245.92,1277.36,3.15,Y,삼각지,#009bce|#713b1d
594,1245.92,1341.73,3.15,Y,이촌,#009bce|#6bc2b3
595,1431.62,1295.02,3.15,Y,옥수,#6bc2b3|#eb6101
596,1148.33,1341.73,3.15,Y,용산,#004b84|#6bc2b3
597,1485.76,859.26,3.15,Y,신당,#00a23f|#713b1d
598,760.48,1209.18,3.15,Y,합정,#00a23f|#713b1d
599,515.22,474.45,3.15,Y,곡산,#4da635|#6bc2b3
600,515.22,427.29,3.15,Y,백마,#4da635|#6bc2b3
601,515.22,380.99,3.15,Y,풍산,#4da635|#6bc2b3
602,515.22,335.08,3.15,Y,일산,#4da635|#6bc2b3
603,129.99,1025.95,3.15,Y,검암,#006390|#f4a463
604,236.79,1025.65,3.15,Y,계양,#006390|#86b3e0
605,129.98,1461.96,3.15,Y,석남,#69702e|#f4a463
606,236.78,1461.82,3.15,Y,부평구청,#69702e|#86b3e0
607,266.24,1647.59,3.15,Y,부평,#004b84|#86b3e0
608,577.55,1323.66,3.15,Y,까치산|신도림,#00a23f|#794698
609,773.03,1513.05,3.15,Y,영등포구청,#00a23f|#794698
610,547.69,1647.64,3.15,Y,소사,#004b84|#4da635
611,624.28,1645.22,3.15,Y,온수,#004b84|#69702e
612,773.98,1714.56,3.15,Y,가산디지털단지,#004b84|#69702e
613,333.59,1789.21,3.15,Y,인천시청,#86b3e0|#f4a463
614,773.42,1832.91,2.9,N,금천구청,#004b84
615,773.43,1642.22,2.9,N,구로,#004b84
616,888.51,1709.29,3.15,Y,대림,#00a23f|#69702e
617,830.46,1635.06,3.15,Y,신도림,#004b84|#00a23f
618,1007.14,1803.71,3.15,Y,신림,#00a23f|#557ec0
619,1063.97,1463.03,3.15,Y,샛강,#557ec0|#a49d87
620,985.42,1463.02,3.15,Y,여의도,#794698|#a49d87
621,1148.33,1463.02,3.15,Y,노량진,#004b84|#a49d87
622,1245.92,1463.02,3.15,Y,동작,#009bce|#a49d87
623,1510.51,1599.65,3.15,Y,신논현,#a49d87|#c12c30
624,1608.73,1599.65,3.15,Y,선정릉,#a49d87|#eca300
625,1506.97,1528.54,3.15,Y,논현,#69702e|#c12c30
626,1608.73,1426.29,3.15,Y,강남구청,#69702e|#eca300
627,1790.97,1237.42,3.15,Y,건대입구,#00a23f|#69702e
628,1761.51,1153.12,2.9,N,성수,#00a23f
629,1365.78,815.99,2.9,N,동대문역사문화공원,#009bce
630,1365.78,829.27,3.15,Y,동대문역사문화공원,#009bce|#00a23f
631,1365.78,842.54,3.15,Y,동대문역사문화공원,#009bce|#794698
632,1169.78,825.43,3.15,Y,을지로3가,#00a23f|#eb6101
633,1268.47,815.25,3.15,Y,을지로4가,#00a23f|#794698
634,1265.78,957.73,3.15,Y,충무로,#009bce|#eb6101
635,985.42,900.54,3.15,Y,충정로,#00a23f|#794698
636,1048.05,865.66,3.15,Y,시청,#004b84|#00a23f
637,740.58,1043.18,2.9,N,신촌(경의),#6bc2b3
638,510.1,962.43,3.15,Y,마곡나루,#006390|#a49d87
639,987.47,522.85,3.15,Y,불광,#713b1d|#eb6101
640,1001.84,1709.29,3.15,Y,보라매,#557ec0|#69702e
641,227.59,1781.51,3.15,Y,주안,#004b84|#f4a463
642,224.02,1976.93,3.15,Y,인천,#004b84|#eca300
643,338.75,2099.9,3.15,Y,원인재,#86b3e0|#eca300
644,547.7,1562.78,3.15,Y,부천종합운동장,#4da635|#69702e
645,1485.76,977.89,3.15,Y,청구,#713b1d|#794698
646,1992.11,1256.31,3.15,Y,천호,#794698|#e5006a
647,1995.92,1365.99,2.9,N,강동,#794698
648,1608.73,1754.04,3.15,Y,선릉,#00a23f|#eca300
649,1510.5,1819.12,3.15,Y,강남,#00a23f|#c12c30
650,1431.54,1851.56,3.15,Y,교대,#00a23f|#eb6101
651,1245.92,1874.72,3.15,Y,사당,#009bce|#00a23f
652,1245.92,1714.76,3.15,Y,총신대입구,#009bce|#69702e
653,1510.51,1913.82,3.15,Y,양재,#c12c30|#eb6101
654,1608.73,1913.82,3.15,Y,도곡,#eb6101|#eca300
655,2006.08,1904.57,3.15,Y,복정,#e5006a|#eca300
656,2011.36,2030.57,3.15,Y,모란,#e5006a|#eca300
657,1935.18,1819.66,3.15,Y,가락시장,#e5006a|#eb6101
658,1791.43,1453.2,2.9,N,잠실,#00a23f
659,1739.77,1594.87,3.15,Y,종합운동장,#00a23f|#a49d87
660,1928.67,2179.82,3.15,Y,정자,#c12c30|#eca300
661,1928.67,2214.61,3.15,Y,미금,#c12c30|#eca300
662,1714.49,2301.54,2.9,N,기흥,#eca300
663,1928.95,2097.71,3.15,Y,판교,#1d2f63|#c12c30
664,2011.36,2097.71,2.9,N,이매,#1d2f63
665,2019.18,1729.41,3.15,Y,오금,#794698|#eb6101
666,961.49,2066.45,3.15,Y,금정,#004b84|#009bce
667,1186.53,2296.15,3.15,Y,수원,#004b84|#eca300
668,1126.37,2366.89,2.9,N,병점,#004b84
669,954.49,1525.18,3.15,Y,신길,#004b84|#794698
670,1063.98,1536.33,3.15,Y,대방,#004b84|#557ec0
671,1882.18,1589.59,3.15,Y,석촌,#a49d87|#e5006a
672,1995.92,1589.6,3.15,Y,올림픽공원,#794698|#a49d87
673,743.69,1339.47,3.15,Y,당산,#00a23f|#a49d87
674,509.33,523.32,4.3,Y,대곡,#4da635|#a35e8c|#eb6101
675,723.18,2284.49,3.15,Y,초지,#009bce|#4da635
676,1192.95,1092.4,2.9,N,,#6bc2b3
677,482.16,523.66,2.9,N,,#eb6101
678,1964.74,2097.71,3.15,Y,성남,#1d2f63|#a35e8c
679,236.79,985.55,2.9,N,아라,#86b3e0
680,236.79,923.36,2.9,N,신검단중앙,#86b3e0
681,236.79,878.96,2.9,N,검단호수공원,#86b3e0
682,678.08,1156.73,2.9,N,,#9a958c
683,593.44,1019.53,2.9,N,,#9a958c
684,1416.42,183.51,2.9,N,,#9a958c
685,1416.42,211.29,2.9,N,,#9a958c
686,1411.44,1414.73,2.9,N,,#9a958c
687,962.03,1428.01,2.9,N,,#9a958c
688,1454.64,1323.32,2.9,N,,#9a958c
689,1772.05,1379.47,2.9,N,,#9a958c
