역명,시도,호선목록,노선수,위도,경도,x,y,원수,원id,등급,회수일수,하루승차,첨두비중,단기외국인비중,관광명물,승하차출처
4.19민주묘지,서울,우이신설선,1,37.64954,127.01371,1469.22,360.98,1,235,D,1.5,3052,0.1106,1.87,,실적
가능,경기,1호선,1,37.748362,127.044251,1947.64,216.47,1,10,D,1.5,6148,0.1254,,,실적
가락시장,서울,3호선|8호선,2,37.492686,127.11819,1935.18,1819.66,1,657,B,3.0,16822,0.115,3.27,,실적
가산디지털단지,서울,1호선|7호선,2,37.480972,126.882666,773.98,1714.56,1,612,S,8.0,54813,0.2553,3.39,,실적
가양,서울,9호선,1,37.561111,126.855078,555.89,1065.87,1,107,B,3.0,20949,0.1276,4.91,,실적
가오리,서울,우이신설선,1,37.64162,127.01681,1469.22,392.44,1,236,D,1.5,4250,0.1336,2.35,,실적
가재울,인천,인천지하철 2호선,1,37.484152,126.683883,129.99,1530.08,1,467,E,1.0,,,,,
가정,인천,인천지하철 2호선,1,37.524805,126.675387,129.99,1291.22,1,465,E,1.0,,,,,
가정중앙시장,인천,인천지하철 2호선,1,37.517511,126.676784,129.99,1361.69,1,466,E,1.0,,,,,
가좌,서울,경의중앙선,1,37.568611,126.914841,,,0,,D,1.5,5638,0.1545,4.24,,실적
가천대,경기,분당선,1,37.448784,127.126677,2006.08,1955.02,1,416,D,1.5,7393,0.118,3.42,,실적
가평,경기,경춘선,1,37.814515,127.510693,2433.37,458.35,1,326,D,1.5,2312,0.1364,,,실적
간석,인천,1호선,1,37.464689,126.693408,224.02,1730.96,1,455,D,1.5,5519,0.1287,,,실적
간석오거리,인천,인천지하철 1호선,1,37.466921,126.707861,333.37,1753.16,1,395,E,1.0,,,,,
갈매,경기,경춘선,1,37.634135,127.114803,2136.54,631.6,1,337,D,1.5,2529,0.1731,,,실적
갈산,인천,인천지하철 1호선,1,37.517124,126.721566,236.79,1379.79,1,497,E,1.0,,,,,
강남,서울,2호선|신분당선,2,37.497672,127.027709,1510.5,1819.12,1,649,S,8.0,80663,0.1413,4.41,,실적
강남구청,서울,7호선|분당선,2,37.516878,127.041397,1608.73,1426.29,1,626,B,3.0,24139,0.1884,4.92,,실적
강남대,경기,에버라인,1,37.270171,127.126067,1753.31,2347.5,1,279,C,2.0,8937,0.1703,5.15,,실적
강동,서울,5호선,1,37.53581,127.13249,1995.92,1365.99,1,647,B,3.0,18036,0.131,3.3,,실적
강동구청,서울,8호선,1,37.530348,127.120461,1913.28,1335.51,1,88,C,2.0,10214,0.1228,3.06,,실적
강매,경기,경의중앙선,1,37.612396,126.844537,519.99,722.84,1,371,D,1.5,2954,0.2075,,,실적
강변,서울,2호선,1,37.535161,127.094684,1796.86,1332.19,1,259,B,3.0,27068,0.1206,3.6,,실적
강일,서울,5호선,1,37.557521,127.176018,2203.53,1158.32,1,151,D,1.5,5869,0.1647,11.5,Y,실적
개롱,서울,5호선,1,37.498097,127.134817,2059.85,1729.41,1,139,D,1.5,6228,0.1154,3.49,,실적
개봉,서울,1호선,1,37.494698,126.858504,707.38,1642.22,1,198,B,3.0,21856,0.155,2.55,,실적
개포동,서울,분당선,1,37.489112,127.066027,1703.11,1970.62,1,414,D,1.5,3703,0.0954,3.22,,실적
개화,서울,9호선,1,37.578591,126.797833,313.84,956.69,1,111,E,1.0,2377,0.1722,21.05,,실적
개화산,서울,5호선,1,37.572458,126.806838,372.83,869.12,1,126,D,1.5,5846,0.131,15.36,,실적
거여,서울,5호선,1,37.493208,127.143983,2101.69,1729.41,1,140,C,2.0,9546,0.151,3.05,,실적
건대입구,서울,2호선|7호선,2,37.540645,127.070167,1790.97,1237.42,1,627,S,8.0,50496,0.0828,7.99,,실적
걸포북변,경기,김포도시철도,1,37.631639,126.70575,227.01,791.65,1,488,E,1.0,625,0.2835,,,실적
검단사거리,인천,인천지하철 2호선,1,37.601693,126.656545,129.99,873.54,1,458,E,1.0,,,,,
검단오류,인천,인천지하철 2호선,1,37.595016,126.62801,129.99,802.66,1,457,E,1.0,,,,,
검단호수공원,인천,인천지하철 1호선,1,37.6025,126.688056,236.79,878.96,1,681,E,1.0,,,,,
검바위,인천,인천지하철 2호선,1,37.561091,126.677529,129.99,1090.83,1,463,E,1.0,,,,,
검암,인천,인천국제공항선|인천지하철 2호선,2,37.568883,126.674609,129.99,1025.95,1,603,D,1.5,5835,0.184,,,실적
경기광주,경기,경강선,1,37.398974,127.253201,2167.34,2097.71,1,271,C,2.0,8205,0.1892,2.78,,실적
경기도청북부청사,경기,의정부,1,37.750732,127.07148,2152.7,203.11,1,368,D,1.5,7317,0.2242,4.25,,실적
경마공원,경기,안산과천선,1,37.443987,127.007899,1245.92,2004.94,1,37,D,1.5,5072,0.3743,3.05,,실적
경복궁,서울,3호선,1,37.575844,126.973576,1154.07,652.84,1,61,B,3.0,24462,0.1615,8.55,,실적
경인교대입구,인천,인천지하철 1호선,1,37.538272,126.722603,236.79,1281.3,1,387,D,1.5,3372,0.2128,,,실적
경전철의정부,경기,의정부,1,37.7373,127.043321,1869.22,220.49,1,362,E,1.0,,,,,
경찰병원,서울,3호선,1,37.495754,127.124198,1979.3,1774.62,1,59,D,1.5,7295,0.1174,3.21,,실적
계산,인천,인천지하철 1호선,1,37.543243,126.728436,236.79,1232.93,1,388,D,1.5,6454,0.1986,4.33,,실적
계양,인천,인천국제공항선|인천지하철 1호선,2,37.571654,126.736319,236.79,1025.65,1,604,C,2.0,8986,0.1871,4.33,,실적
고덕,서울,5호선,1,37.555002,127.154214,2137.87,1223.98,1,143,C,2.0,9954,0.0942,2.36,,실적
고려대,서울,6호선,1,37.59034,127.03626,1572.22,642.34,1,298,D,1.5,7888,0.1108,3.66,,실적
고색,경기,수인선,1,37.249829,126.98059,1146.82,2296.1,1,433,D,1.5,5414,0.1332,,,실적
고속터미널,서울,3호선|7호선|9호선,3,37.504758,127.004672,1418.42,1594.87,3,571|572|573,S,8.0,86610,0.1025,4.92,,실적
고잔,경기,수인선|안산과천선,2,37.316821,126.823094,793.3,2289.77,1,582,C,2.0,8317,0.1091,,,실적
고진,경기,에버라인,1,37.244638,127.214184,2197.89,2401.84,1,289,E,1.0,884,0.1926,,,실적
고촌,경기,김포도시철도,1,37.60125,126.770361,316.72,881.36,1,491,E,1.0,,,,,
곡산,경기,경의중앙선|서해선,2,37.645729,126.801877,515.22,474.45,1,599,E,1.0,560,0.1119,,,실적
곤제,경기,의정부,1,37.750543,127.083865,2223.88,215.09,1,5,E,1.0,,,,,
곤지암,경기,경강선,1,37.350525,127.346186,2262.14,2175.63,1,273,E,1.0,2065,0.1164,,,실적
공덕,서울,5호선|6호선|경의중앙선|인천국제공항선,4,37.543255,126.951621,985.42,1263.35,4,530|531|532|533,A,5.0,39507,0.1508,7.08,,실적
공릉,서울,7호선,1,37.625642,127.072969,1925.12,528.75,1,342,C,2.0,11671,0.1195,2.59,,실적
공항시장,서울,9호선,1,37.563726,126.810678,419.5,956.58,1,110,D,1.5,2767,0.1414,,,실적
공항화물청사,인천,인천국제공항선,1,37.459026,126.477433,52.92,2048.5,1,479,E,1.0,1853,0.2283,,,실적
과천,경기,안산과천선,1,37.432805,126.996404,1213.07,2066.61,1,39,D,1.5,5091,0.1297,3.05,,실적
관악,경기,1호선,1,37.419578,126.908476,833.44,1946.25,1,219,D,1.5,6795,0.1556,3.04,,실적
관악산,서울,신림선,1,37.469169,126.944955,1093.88,1934.8,1,169,D,1.5,3458,0.1071,3.84,,실적
광교,경기,신분당선,1,37.301735,127.044856,1454.1,2229.26,1,190,E,1.0,870,0.2911,,,실적
광교중앙,경기,신분당선,1,37.287738,127.052625,1537.88,2229.32,1,189,B,3.0,23952,0.1637,4.09,,실적
광나루,서울,5호선,1,37.545301,127.103478,1995.92,1115.77,1,136,C,2.0,10591,0.1036,3.3,,실적
광명,경기,1호선,1,37.415995,126.884523,,,0,,D,1.5,3721,0.1015,,,실적
광명사거리,서울,7호선,1,37.47927,126.854854,680.08,1702.41,1,163,B,3.0,21952,0.1369,3.12,,실적
광운대,서울,1호선|경의중앙선|경춘선,3,37.623702,127.061928,1757.43,525.26,1,357,D,1.5,7787,0.1434,2.89,,실적
광화문,서울,5호선,1,37.570545,126.976568,985.42,784.64,1,129,A,5.0,32788,0.2191,7.67,,실적
광흥창,서울,6호선,1,37.547464,126.931971,872.61,1283.08,1,27,C,2.0,9431,0.1142,6.19,,실적
교대,서울,2호선|3호선,2,37.493509,127.014214,1431.54,1851.56,1,650,A,5.0,44156,0.1577,4.09,,실적
구래,경기,김포도시철도,1,37.645354,126.6285,107.39,672.03,1,483,C,2.0,9364,0.1913,3.92,,실적
구로,서울,1호선,1,37.503178,126.882037,773.43,1642.22,1,615,B,3.0,16104,0.1066,5.71,,실적
구로디지털단지,서울,2호선,1,37.485005,126.902626,931.43,1744.25,1,248,S,8.0,54430,0.1223,3.22,,실적
구룡,서울,분당선,1,37.486985,127.059496,1628.37,1970.62,1,413,D,1.5,3206,0.105,2.79,,실적
구리,경기,경의중앙선,1,37.60326,127.143373,2137.26,713.24,1,309,D,1.5,7031,0.1237,2.33,,실적
구반포,서울,9호선,1,37.501389,126.987222,1319.85,1503.53,1,75,D,1.5,2652,0.2543,4.2,,실적
구산,서울,6호선,1,37.611223,126.917246,914.79,548.29,1,6,D,1.5,7844,0.1621,2.79,,실적
구성,경기,분당선,1,37.299013,127.105664,1811.2,2296.17,1,424,D,1.5,7220,0.1355,,,실적
구의,서울,2호선,1,37.536857,127.085024,1794.62,1284.03,1,260,A,5.0,28581,0.1502,4.21,,실적
구일,서울,1호선,1,37.495973,126.869201,744.74,1642.22,1,197,C,2.0,7839,0.126,5.02,,실적
구파발,서울,3호선,1,37.636612,126.918827,816.38,522.84,1,66,B,3.0,21927,0.1299,3.93,,실적
국수,경기,경의중앙선,1,37.516171,127.399402,2433.78,783.87,1,318,E,1.0,661,0.111,,,실적
국제업무지구,인천,인천지하철 1호선,1,37.400421,126.630105,321.79,2361.57,1,408,D,1.5,7142,0.1103,3.64,,실적
국회의사당,서울,9호선,1,37.528105,126.917874,903.22,1457.37,1,70,B,3.0,16294,0.2316,5.84,,실적
군자,서울,5호선|7호선,2,37.557126,127.079522,1929.87,972.26,1,590,B,3.0,27009,0.1274,3.37,,실적
군포,경기,1호선,1,37.353732,126.948517,1016.01,2128.79,1,222,D,1.5,6134,0.1683,4.44,,실적
굴포천,인천,도시철도 7호선,1,37.50695,126.731481,275.8,1456.68,1,159,C,2.0,12326,0.1852,2.64,,실적
굽은다리,서울,5호선,1,37.545442,127.142844,2072.2,1289.65,1,145,C,2.0,9575,0.1326,2.73,,실적
귤현,인천,인천지하철 1호선,1,37.566362,126.742498,236.79,1077.04,1,391,C,2.0,8504,0.1935,4.33,,실적
금곡,경기,경춘선,1,37.637414,127.207931,2320.27,631.6,1,333,E,1.0,1561,0.1095,4.14,,실적
금릉,경기,경의중앙선,1,37.751295,126.765401,361.15,289.23,1,377,D,1.5,4755,0.1207,,,실적
금정,경기,1호선|안산과천선,2,37.371957,126.943511,961.49,2066.45,1,666,A,5.0,26943,0.1156,2.52,,실적
금천구청,서울,1호선,1,37.45576,126.894344,773.42,1832.91,1,614,C,2.0,9829,0.1378,3.08,,실적
금촌,경기,경의중앙선,1,37.766106,126.774515,315.45,289.23,1,378,D,1.5,6338,0.0987,,,실적
금호,서울,3호선,1,37.548269,127.015785,1431.62,1218.62,1,50,D,1.5,7714,0.1604,4.38,,실적
기흥,경기,분당선|에버라인,2,37.275555,127.116495,1714.49,2301.54,1,662,C,2.0,9846,0.1273,5.15,,실적
길동,서울,5호선,1,37.538022,127.140085,2039.37,1322.48,1,146,C,2.0,8951,0.1163,3.09,,실적
길음,서울,4호선,1,37.604087,127.025353,1527.97,573.53,1,345,B,3.0,20129,0.1498,2.49,,실적
김량장,경기,에버라인,1,37.237324,127.198611,2106.27,2401.84,1,287,E,1.0,765,0.2005,,,실적
김포공항,서울,5호선|9호선|김포도시철도|서해선|인천국제공항선,5,37.562154,126.802068,372.83,942.51,5,537|538|539|540|541,A,5.0,32200,0.1037,4.95,,실적
까치산,서울,2호선|5호선,2,37.53181,126.846706,577.55,1323.66,1,608,B,3.0,26669,0.1832,2.73,,실적
까치울,경기,도시철도 7호선,1,37.506236,126.81095,577.98,1600.08,1,155,E,1.0,474,0.3715,,,실적
낙성대,서울,2호선,1,37.47693,126.963783,1186.49,1863.3,1,252,A,5.0,27593,0.1545,3.0,,실적
남구로,서울,7호선,1,37.486181,126.887372,827.62,1709.29,1,161,C,2.0,14386,0.1659,3.55,,실적
남동구청,인천,인천지하철 2호선,1,37.448179,126.736581,440.06,1931.46,1,474,C,2.0,12933,0.1387,2.41,,실적
남동인더스파크,인천,수인선,1,37.407668,126.695613,413.48,2116.29,1,438,E,1.0,2089,0.2639,,,실적
남부터미널,서울,3호선,1,37.48494,127.016289,1461.52,1919.27,1,53,A,5.0,30090,0.1556,3.38,,실적
남성,서울,7호선,1,37.484688,126.971108,1210.81,1709.29,1,175,C,2.0,10666,0.1675,2.77,,실적
남영,서울,1호선,1,37.540597,126.971171,1215.12,1213.37,1,195,C,2.0,8902,0.1327,11.76,Y,실적
남위례,서울,8호선,1,37.462839,127.139047,2040.74,1933.62,1,97,D,1.5,7728,0.1269,,,실적
남태령,서울,4호선,1,37.464339,126.989081,1245.92,1936.34,1,35,E,1.0,1360,0.1298,2.76,,실적
남한산성입구,서울,8호선,1,37.451568,127.159845,2089.65,1982.62,1,99,C,2.0,11243,0.1684,2.26,,실적
내방,서울,7호선,1,37.48764,126.993541,1355.04,1673.45,1,177,C,2.0,14251,0.1537,3.46,,실적
노들,서울,9호선,1,37.512726,126.953096,1178.23,1457.37,1,71,D,1.5,4842,0.1644,3.85,,실적
노량진,서울,1호선|9호선,2,37.51387,126.941294,1148.33,1463.02,1,621,A,5.0,34943,0.1154,4.06,,실적
노원,서울,4호선|7호선,2,37.655376,127.061869,1925.12,412.72,1,567,A,5.0,40801,0.0778,3.12,,실적
녹번,서울,3호선,1,37.600882,126.935758,1036.22,535.19,1,65,C,2.0,14263,0.1766,2.58,,실적
녹사평,서울,6호선,1,37.53469,126.98665,1290.4,1266.1,1,20,D,1.5,5308,0.1215,10.71,Y,실적
녹양,경기,1호선,1,37.759416,127.042272,1989.18,174.92,1,11,D,1.5,4214,0.1271,,,실적
녹천,서울,1호선,1,37.644599,127.051406,1757.45,454.42,1,359,D,1.5,4259,0.1634,3.42,,실적
논현,서울,7호선|신분당선,2,37.511112,127.021375,1506.97,1528.54,1,625,B,3.0,17857,0.1857,5.1,,실적
능곡,경기,경의중앙선|서해선,2,37.618741,126.820745,516.81,589.7,1,498,D,1.5,4194,0.153,,,실적
능길,경기,수인선|안산과천선,2,37.337488,126.767306,603.6,2289.77,1,580,D,1.5,5713,0.1295,8.22,,실적
다산,경기,수도권 광역철도 8호선,1,37.62437,127.1498,2175.45,671.6,1,93,E,1.0,1406,0.2819,,,실적
단대오거리,서울,8호선,1,37.445057,127.156735,2115.11,2008.11,1,100,C,2.0,11169,0.1595,2.28,,실적
달미,경기,서해선,1,37.349,126.809318,710.28,2155.76,1,210,E,1.0,,,,,
달월,경기,수인선,1,37.379993,126.745431,413.48,2264.33,1,443,E,1.0,90,0.307,7.75,,실적
답십리,서울,5호선,1,37.566833,127.05266,1836.05,972.26,1,133,C,2.0,15461,0.1714,5.17,,실적
당고개,서울,4호선,1,37.66956,127.078404,,,0,,D,1.5,5178,0.2219,,,실적
당곡,서울,신림선,1,37.490039,126.927569,1007.14,1776.78,1,176,D,1.5,4753,0.1372,3.57,,실적
당산,서울,2호선|9호선,2,37.53386,126.902116,743.69,1339.47,1,673,A,5.0,36765,0.1149,3.6,,실적
당정,경기,1호선,1,37.34338,126.948388,1048.65,2161.44,1,223,D,1.5,5471,0.1452,5.35,,실적
대곡,경기,경의중앙선|서해선|일산선,3,37.631629,126.810351,509.33,523.32,1,674,C,2.0,11607,0.1261,,,실적
대공원,경기,안산과천선,1,37.435724,127.006474,1245.92,2041.31,1,38,D,1.5,4023,0.167,3.05,,실적
대림,서울,2호선|7호선,2,37.492705,126.896145,888.51,1709.29,1,616,A,5.0,32685,0.1235,4.56,,실적
대모산입구,서울,분당선,1,37.491347,127.072702,1774.02,1970.62,1,415,D,1.5,5452,0.1399,3.76,,실적
대방,서울,1호선|신림선,2,37.513116,126.925862,1063.98,1536.33,1,670,C,2.0,12904,0.1103,3.88,,실적
대성리,경기,경춘선,1,37.683909,127.379165,2433.37,556.45,1,329,E,1.0,837,0.175,,,실적
대야미,경기,안산과천선,1,37.328304,126.917161,933.47,2178.48,1,46,D,1.5,4938,0.1327,6.61,,실적
대청,서울,3호선,1,37.493607,127.079526,1758.43,1919.27,1,57,C,2.0,10134,0.1222,3.68,,실적
대치,서울,3호선,1,37.494601,127.063449,1663.03,1919.27,1,55,C,2.0,12631,0.1154,3.96,,실적
대화,경기,일산선,1,37.675883,126.747756,282.02,466.07,1,500,C,2.0,10334,0.1434,3.63,,실적
대흥,서울,6호선,1,37.547732,126.942214,930.44,1283.08,1,28,C,2.0,9161,0.106,6.63,,실적
덕계,경기,1호선,1,37.818761,127.056676,2029.66,134.45,1,13,D,1.5,6358,0.1663,,,실적
덕소,경기,경의중앙선,1,37.586892,127.208835,2264.98,713.24,1,312,D,1.5,5208,0.1572,,,실적
덕정,경기,1호선,1,37.843216,127.061511,2049.9,114.21,1,14,D,1.5,5667,0.1262,,,실적
도곡,서울,3호선|분당선,2,37.491022,127.055544,1608.73,1913.82,1,654,C,2.0,12901,0.1081,3.16,,실적
도농,경기,경의중앙선,1,37.608756,127.161105,2179.58,713.24,1,310,C,2.0,8840,0.1702,,,실적
도림천,서울,2호선,1,37.514759,126.882586,598.4,1420.86,1,265,E,1.0,1256,0.1021,4.32,,실적
도봉,서울,1호선,1,37.679441,127.045521,1808.62,355.49,1,8,D,1.5,5692,0.1155,2.75,,실적
도봉산,서울,1호선|7호선,2,37.689367,127.046298,1837.56,326.27,1,564,B,3.0,15715,0.148,2.37,,실적
도심,경기,경의중앙선,1,37.579628,127.222798,2307.68,713.24,1,313,D,1.5,2732,0.1971,,,실적
도원,인천,1호선,1,37.468604,126.642824,224.02,1908.38,1,451,D,1.5,3204,0.0917,,,실적
도화,인천,1호선,1,37.466154,126.66846,224.02,1845.53,1,449,D,1.5,3727,0.1245,2.04,,실적
독립문,서울,3호선,1,37.574534,126.957902,1121.49,620.3,1,62,D,1.5,7575,0.0904,5.05,,실적
독바위,서울,6호선,1,37.618413,126.933035,939.07,480.37,1,30,D,1.5,2516,0.1651,2.95,,실적
독산,서울,1호선,1,37.465994,126.889508,773.88,1784.45,1,216,B,3.0,15047,0.1376,3.42,,실적
독정,인천,인천지하철 2호선,1,37.584927,126.675981,129.99,979.86,1,461,E,1.0,,,,,
돌곶이,서울,6호선,1,37.610522,127.056419,,,0,,C,2.0,11580,0.1602,2.93,,실적
동대문,서울,1호선|4호선,2,37.571315,127.010393,1365.78,741.09,1,566,A,5.0,34426,0.1193,7.99,,실적
동대문역사문화공원,서울,2호선|4호선|5호선,3,37.565121,127.007363,1365.78,829.27,3,629|630|631,A,5.0,40112,0.1295,12.25,Y,실적
동대입구,서울,3호선,1,37.55816,127.005273,1364.25,1055.1,1,49,C,2.0,9476,0.1417,10.67,Y,실적
동두천,경기,1호선,1,37.927569,127.054825,,,0,,E,1.0,1566,0.0971,,,실적
동두천중앙,경기,1호선,1,37.901818,127.056528,,,0,,D,1.5,2852,0.0982,,,실적
동막,인천,인천지하철 1호선,1,37.398173,126.673561,333.37,2175.91,1,402,E,1.0,,,,,
동묘앞,서울,1호선|6호선,2,37.57277,127.016062,1485.76,741.09,1,562,B,3.0,21701,0.1011,7.07,,실적
동백,경기,에버라인,1,37.269101,127.152691,1875.49,2401.84,1,283,E,1.0,,,,,
동수,인천,인천지하철 1호선,1,37.485409,126.718464,311.66,1693.49,1,393,C,2.0,14265,0.1837,2.64,,실적
동암,인천,1호선,1,37.470835,126.703016,224.02,1699.86,1,454,C,2.0,14392,0.1262,,,실적
동오,경기,의정부,1,37.745191,127.05703,2064.81,203.11,1,366,C,2.0,8017,0.2219,4.25,,실적
동인천,인천,1호선,1,37.475414,126.632598,224.02,1939.8,1,452,C,2.0,12880,0.1029,,,실적
동작,서울,4호선|9호선,2,37.503222,126.979224,1245.92,1463.02,1,622,D,1.5,3549,0.1097,3.73,,실적
동천,경기,신분당선,1,37.338684,127.102794,1863.84,2229.34,1,194,C,2.0,9892,0.1965,2.59,,실적
동춘,인천,인천지하철 1호선,1,37.404676,126.680835,333.37,2145.45,1,401,E,1.0,,,,,
둔전,경기,에버라인,1,37.267212,127.213639,2289.5,2401.84,1,291,E,1.0,,,,,
둔촌동,서울,5호선,1,37.527787,127.136219,1995.92,1486.83,1,137,C,2.0,13173,0.1229,3.42,,실적
둔촌오륜,서울,9호선,1,37.519339,127.138619,2052.16,1534.69,1,85,D,1.5,4504,0.1775,3.1,,실적
등촌,서울,9호선,1,37.551111,126.864722,572.14,1167.2,1,106,C,2.0,12320,0.1676,4.53,,실적
디지털미디어시티,서울,6호선|경의중앙선|인천국제공항선,3,37.577441,126.89903,653.51,971.35,3,568|569|570,A,5.0,29539,0.1506,3.96,,실적
뚝섬,서울,2호선,1,37.54718,127.047413,1733.99,1095.83,1,262,B,3.0,24002,0.1871,9.9,,실적
뚝섬유원지,서울,7호선,1,37.531558,127.066714,,,0,,B,3.0,19557,0.0947,8.1,,실적
마곡,서울,5호선,1,37.562182,126.82693,391.8,1131.81,1,124,B,3.0,16213,0.1509,4.1,,실적
마곡나루,서울,9호선|인천국제공항선,2,37.566268,126.827621,510.1,962.43,1,638,A,5.0,30299,0.1667,4.21,,실적
마두,경기,일산선,1,37.652185,126.777641,402.53,523.1,1,68,D,1.5,7442,0.0847,,,실적
마들,서울,7호선,1,37.664985,127.057701,1892.63,375.18,1,355,C,2.0,12788,0.171,5.35,,실적
마산,경기,김포도시철도,1,37.640606,126.643944,137.3,701.94,1,485,D,1.5,7215,0.1971,3.86,,실적
마석,경기,경춘선,1,37.652328,127.311713,2433.37,589.14,1,330,D,1.5,3922,0.1349,4.14,,실적
마장,서울,5호선,1,37.566066,127.042921,1774.36,972.26,1,132,D,1.5,5710,0.1224,5.21,,실적
마전,인천,인천지하철 2호선,1,37.597756,126.667195,129.99,908.98,1,459,E,1.0,,,,,
마천,서울,5호선,1,37.494972,127.152784,2141.04,1729.41,1,141,D,1.5,6829,0.2031,3.79,,실적
마포,서울,5호선,1,37.539718,126.946043,985.42,1362.52,1,113,C,2.0,14202,0.14,6.96,,실적
마포구청,서울,6호선,1,37.563535,126.903326,678.08,1126.42,1,24,C,2.0,14169,0.132,4.46,,실적
만수,인천,인천지하철 2호선,1,37.454962,126.731764,440.06,1894.34,1,473,C,2.0,7877,0.1435,2.41,,실적
망우,서울,경의중앙선|경춘선,2,37.599638,127.092174,2020.41,706.87,1,559,D,1.5,7421,0.1487,4.22,,실적
망원,서울,6호선,1,37.556031,126.910129,708.4,1156.73,1,23,B,3.0,15951,0.0906,7.62,,실적
망월사,경기,1호선,1,37.710499,127.047361,1873.69,290.42,1,9,D,1.5,7283,0.1296,,,실적
망포,경기,분당선,1,37.245793,127.057367,1465.99,2296.1,1,429,C,2.0,14256,0.1367,,,실적
매교,경기,분당선,1,37.265502,127.015657,1278.69,2296.1,1,426,D,1.5,4917,0.1437,3.13,,실적
매봉,서울,3호선,1,37.487114,127.046907,1562.69,1919.27,1,54,C,2.0,12171,0.1771,3.49,,실적
매탄권선,경기,분당선,1,37.252458,127.040824,1403.56,2296.1,1,428,D,1.5,5155,0.1496,,,실적
먹골,서울,7호선,1,37.610638,127.077719,1925.12,626.98,1,302,C,2.0,10029,0.1424,4.66,,실적
면목,서울,7호선,1,37.588671,127.087503,1925.12,803.69,1,186,C,2.0,13790,0.1628,2.48,,실적
명동,서울,4호선,1,37.561055,126.988271,1245.92,1004.56,1,73,A,5.0,37830,0.1276,16.91,Y,실적
명일,서울,5호선,1,37.551317,127.144002,2105.03,1256.82,1,144,D,1.5,7862,0.1309,2.66,,실적
명지대,경기,에버라인,1,37.238076,127.190291,2060.46,2401.84,1,286,E,1.0,582,0.2183,,,실적
명학,경기,1호선,1,37.384435,126.935579,909.98,2022.79,1,221,D,1.5,7445,0.1504,2.41,,실적
모란,경기,8호선|분당선,2,37.433006,127.129492,2011.36,2030.57,1,656,B,3.0,24002,0.1026,3.31,,실적
모래내시장,인천,인천지하철 2호선,1,37.455842,126.719578,440.06,1857.21,1,472,D,1.5,6920,0.1449,2.41,,실적
목동,서울,5호선,1,37.526088,126.864296,641.07,1381.29,1,119,B,3.0,15618,0.1447,3.43,,실적
몽촌토성,서울,8호선,1,37.517692,127.11274,1849.65,1399.14,1,87,C,2.0,8304,0.1106,4.4,,실적
무악재,서울,3호선,1,37.582658,126.950131,1091.71,590.45,1,63,D,1.5,4049,0.1558,3.05,,실적
문래,서울,2호선,1,37.517993,126.894766,796.41,1566.02,1,247,B,3.0,21700,0.1684,4.48,,실적
문산,경기,경의중앙선,1,37.854565,126.787531,178.35,289.23,1,383,D,1.5,5590,0.0987,5.63,,실적
문정,서울,8호선,1,37.485931,127.122473,1955.45,1848.26,1,95,B,3.0,21287,0.2107,3.14,,실적
문학경기장,인천,인천지하철 1호선,1,37.434964,126.698373,333.37,1983.04,1,398,C,2.0,9222,0.1419,2.41,,실적
미금,경기,분당선|신분당선,2,37.350631,127.108927,1928.67,2214.61,1,661,C,2.0,14498,0.09,2.59,,실적
미사,서울,5호선,1,37.56329,127.192954,2236.37,1125.48,1,147,B,3.0,17772,0.1302,,,실적
미아,서울,4호선,1,37.626435,127.026151,1608.34,493.16,1,347,C,2.0,15135,0.1128,2.32,,실적
미아사거리,서울,4호선,1,37.613276,127.030083,1568.15,533.34,1,346,B,3.0,25458,0.1236,2.06,,실적
박촌,인천,인천지하철 1호선,1,37.553525,126.744946,236.79,1126.98,1,390,C,2.0,9510,0.1919,4.33,,실적
반월,경기,안산과천선,1,37.312244,126.903684,933.47,2216.41,1,47,D,1.5,4157,0.1496,,,실적
반포,서울,7호선,1,37.508171,127.011717,1470.9,1557.54,1,178,D,1.5,6710,0.0975,4.82,,실적
발곡,경기,의정부,1,37.726983,127.052889,1927.78,279.06,1,360,D,1.5,7160,0.2248,4.25,,실적
발산,서울,5호선,1,37.562182,126.82693,432.84,1173.27,1,123,B,3.0,23024,0.1391,4.13,,실적
방배,서울,2호선,1,37.481469,126.997627,1333.78,1866.45,1,253,B,3.0,14703,0.1249,3.06,,실적
방이,서울,5호선,1,37.508752,127.126054,1995.92,1662.69,1,138,D,1.5,7441,0.0906,,,실적
방학,서울,1호선,1,37.667471,127.044295,1783.51,380.6,1,7,C,2.0,9595,0.1162,4.34,,실적
방화,서울,5호선,1,37.577669,126.812822,372.83,832.52,1,127,D,1.5,6919,0.1321,12.38,,실적
백마,경기,경의중앙선|서해선,2,37.658346,126.794401,515.22,427.29,1,600,D,1.5,7041,0.1761,2.87,,실적
백석,경기,일산선,1,37.642973,126.788109,450.63,522.84,1,69,C,2.0,9769,0.0847,,,실적
백운,인천,1호선,1,37.483301,126.707179,224.02,1668.76,1,453,D,1.5,6629,0.1393,,,실적
버티고개,서울,6호선,1,37.547933,127.006948,1372.52,1184.03,1,18,E,1.0,2144,0.1123,6.77,,실적
범계,경기,안산과천선,1,37.389783,126.950752,1021.1,2066.45,1,43,A,5.0,27317,0.127,2.21,,실적
범골,경기,의정부,1,37.728728,127.04372,1888.22,239.5,1,361,E,1.0,,,,,
별내,경기,경춘선|수도권 광역철도 8호선,2,37.642369,127.127254,2179.1,636.48,1,336,D,1.5,2400,0.1018,,,실적
별내별가람,경기,진접선,1,37.667833,127.116167,2097.06,417.47,1,351,E,1.0,,,,,
병점,경기,1호선,1,37.206821,127.033268,1126.37,2366.89,1,668,C,2.0,14667,0.1209,,,실적
보라매,서울,7호선|신림선,2,37.500114,126.920299,1001.84,1709.29,1,640,C,2.0,11021,0.1208,2.65,,실적
보라매공원,서울,신림선,1,37.495225,126.918259,1007.14,1729.12,1,165,D,1.5,2397,0.0997,2.85,,실적
보라매병원,서울,신림선,1,37.492961,126.923886,1007.14,1752.95,1,166,C,2.0,7971,0.1461,3.0,,실적
보문,서울,6호선|우이신설선,2,37.585402,127.019384,1521.24,684.73,1,586,C,2.0,9590,0.1326,4.18,,실적
보산,경기,1호선,1,37.914268,127.057134,,,0,,E,1.0,1549,0.0914,,,실적
보정,경기,분당선,1,37.31274,127.108219,1863.48,2296.1,1,423,E,1.0,2339,0.1389,,,실적
보평,경기,에버라인,1,37.258964,127.218481,2243.69,2401.84,1,290,E,1.0,542,0.2216,,,실적
복정,서울,8호선|분당선,2,37.470384,127.126686,2006.08,1904.57,1,655,C,2.0,8829,0.1328,5.17,,실적
봉은사,서울,9호선,1,37.514219,127.060245,1694.72,1594.87,1,80,B,3.0,22995,0.1818,7.21,,실적
봉천,서울,2호선,1,37.482416,126.941896,1059.71,1825.04,1,250,B,3.0,23718,0.1704,2.84,,실적
봉화산,서울,6호선,1,37.617293,127.091375,2046.64,620.69,1,307,D,1.5,7947,0.1826,3.04,,실적
부개,인천,1호선,1,37.488479,126.740549,312.65,1642.22,1,215,D,1.5,8010,0.157,2.64,,실적
부발,경기,경강선,1,37.260411,127.490303,2385.85,2299.27,1,276,D,1.5,2383,0.1031,,,실적
부천,경기,1호선,1,37.484066,126.782779,484.9,1642.22,1,212,A,5.0,30663,0.1024,3.2,,실적
부천시청,경기,도시철도 7호선,1,37.504611,126.763561,414.58,1456.68,1,158,C,2.0,12413,0.1635,3.15,,실적
부천종합운동장,경기,도시철도 7호선|서해선,2,37.505616,126.797424,547.7,1562.78,1,644,D,1.5,2871,0.1704,3.2,,실적
부평,인천,1호선|인천지하철 1호선,2,37.489999,126.72401,266.24,1647.59,1,607,A,5.0,29375,0.097,2.64,,실적
부평구청,인천,도시철도 7호선|인천지하철 1호선,2,37.508146,126.720952,236.78,1461.82,1,606,C,2.0,14301,0.1836,2.64,,실적
부평삼거리,인천,인천지하철 1호선,1,37.478267,126.710494,333.37,1720.36,1,394,E,1.0,,,,,
부평시장,인천,인천지하철 1호선,1,37.498495,126.722282,236.79,1530.4,1,392,B,3.0,22714,0.1786,2.64,,실적
북한산보국문,서울,우이신설선,1,37.61233,127.00816,1469.22,549.76,1,241,D,1.5,5770,0.1273,2.8,,실적
북한산우이,서울,우이신설선,1,37.66284,127.01272,1469.22,298.05,1,233,D,1.5,3093,0.1063,2.08,,실적
불광,서울,3호선|6호선,2,37.610736,126.929674,987.47,522.85,1,639,B,3.0,20585,0.1193,3.25,,실적
불암산,서울,4호선,1,37.67009,127.079004,2025.98,417.47,1,350,C,2.0,9470,0.1625,3.23,,실적
사가정,서울,7호선,1,37.580912,127.088502,1925.12,844.7,1,185,B,3.0,15262,0.151,2.55,,실적
사당,서울,2호선|4호선,2,37.47655,126.981688,1245.92,1874.72,1,651,S,8.0,65978,0.0947,3.53,,실적
사릉,경기,경춘선,1,37.651145,127.176839,2276.1,631.6,1,334,E,1.0,1896,0.1646,4.14,,실적
사리,경기,수인선,1,37.290809,126.857172,966.02,2296.1,1,436,D,1.5,4809,0.1669,,,실적
사우,경기,김포도시철도,1,37.620361,126.719722,256.91,821.55,1,489,E,1.0,,,,,
사평,서울,9호선,1,37.504161,127.015219,1470.05,1594.87,1,77,D,1.5,4173,0.1155,5.07,,실적
산곡,인천,도시철도 7호선,1,37.508547,126.70351,182.74,1456.68,1,152,E,1.0,,,,,
산본,경기,안산과천선,1,37.358019,126.932969,933.47,2102.6,1,44,B,3.0,15890,0.1164,6.61,,실적
산성,서울,8호선,1,37.456886,127.149927,2064.28,1956.9,1,98,D,1.5,5902,0.1715,,,실적
삼가,경기,에버라인,1,37.24206,127.16818,1968.85,2401.84,1,284,E,1.0,,,,,
삼각지,서울,4호선|6호선,2,37.53531,126.973675,1245.92,1277.36,1,593,C,2.0,14187,0.1198,7.64,,실적
삼동,경기,경강선,1,37.408731,127.203447,2099.97,2097.71,1,270,E,1.0,2206,0.1859,,,실적
삼산체육관,인천,도시철도 7호선,1,37.506431,126.742081,321.54,1456.68,1,156,E,1.0,,,,,
삼성,서울,2호선,1,37.508827,127.063203,1678.84,1677.52,1,256,S,8.0,53242,0.1918,6.13,,실적
삼성중앙,서울,9호선,1,37.513011,127.053282,1652.18,1594.87,1,79,D,1.5,7668,0.2024,6.57,,실적
삼송,경기,일산선,1,37.653096,126.895559,724.62,522.84,1,496,B,3.0,18639,0.1436,4.57,,실적
삼양,서울,우이신설선,1,37.62706,127.01817,1469.22,455.37,1,238,D,1.5,2457,0.1299,2.29,,실적
삼양사거리,서울,우이신설선,1,37.62144,127.02049,1469.22,486.84,1,239,D,1.5,2796,0.1256,2.25,,실적
삼전,서울,9호선,1,37.504531,127.087211,1789.67,1594.87,1,81,C,2.0,8267,0.1557,4.03,,실적
상갈,경기,분당선,1,37.261797,127.108718,1653.3,2296.1,1,432,D,1.5,4933,0.1301,5.15,,실적
상계,서울,4호선,1,37.660576,127.073199,1980.58,417.47,1,349,B,3.0,18774,0.1465,2.19,,실적
상도,서울,7호선,1,37.50279,126.947949,1134.96,1709.29,1,173,C,2.0,11085,0.135,2.86,,실적
상동,경기,도시철도 7호선,1,37.505769,126.753081,365.03,1456.68,1,157,E,1.0,,,,,
상록수,경기,안산과천선,1,37.302845,126.866533,933.47,2254.35,1,48,C,2.0,13740,0.1546,8.03,,실적
상봉,서울,7호선|경의중앙선|경춘선,3,37.595894,127.085705,1925.12,713.74,3,548|549|550,B,3.0,23611,0.1403,2.76,,실적
상수,서울,6호선,1,37.547704,126.92292,807.2,1255.75,1,26,C,2.0,10277,0.0937,9.76,,실적
상왕십리,서울,2호선,1,37.564504,127.028872,,,0,,C,2.0,14002,0.1564,4.42,,실적
상월곡,서울,6호선,1,37.606392,127.048509,1721.33,585.44,1,301,D,1.5,6187,0.1524,2.67,,실적
상일동,서울,5호선,1,37.556714,127.166381,2170.7,1191.15,1,142,C,2.0,13860,0.1751,4.87,,실적
상천,경기,경춘선,1,37.770305,127.4542,2433.37,491.05,1,327,E,1.0,275,0.093,,,실적
상현,경기,신분당선,1,37.298685,127.06958,1619.94,2229.34,1,191,D,1.5,2524,0.1981,,,실적
새말,경기,의정부,1,37.748899,127.063869,2108.76,203.11,1,367,D,1.5,7846,0.2225,4.25,,실적
새절,서울,6호선,1,37.591148,126.913613,799.77,712.21,1,520,C,2.0,12206,0.1702,3.04,,실적
샛강,서울,9호선|신림선,2,37.51726,126.928902,1063.97,1463.03,1,619,C,2.0,9302,0.1888,5.49,,실적
서강대,서울,경의중앙선,1,37.552132,126.935389,888.63,1191.12,1,293,E,1.0,2207,0.0995,7.67,,실적
서구청,인천,인천지하철 2호선,1,37.543839,126.676795,129.99,1222.99,1,464,E,1.0,,,,,
서대문,서울,5호선,1,37.565812,126.966639,985.42,843.93,1,128,B,3.0,17155,0.2085,6.84,,실적
서동탄,경기,1호선,1,37.195675,127.051893,,,0,,E,1.0,1368,0.2432,,,실적
서부여성회관,인천,인천지하철 2호선,1,37.500298,126.675875,,,0,,E,1.0,,,,,
서빙고,서울,경의중앙선,1,37.51961,126.988358,1345.69,1336.26,1,294,E,1.0,2168,0.1225,6.99,,실적
서울,서울,1호선|4호선|경의중앙선|인천국제공항선,4,37.554013,126.97163,1219.5,1092.4,1,523,S,8.0,119550,0.1176,10.45,Y,실적
서울대벤처타운,서울,신림선,1,37.472041,126.933977,1026.01,1934.22,1,168,C,2.0,9713,0.1586,2.72,,실적
서울대입구,서울,2호선,1,37.481233,126.952745,1113.44,1846.43,1,251,A,5.0,45369,0.1319,2.71,,실적
서울숲,서울,분당선,1,37.543647,127.044686,1608.73,1238.87,1,410,C,2.0,11741,0.144,8.58,,실적
서울지방병무청,서울,신림선,1,37.506047,126.922783,1058.32,1598.75,1,164,D,1.5,3101,0.1391,3.01,,실적
서원,서울,신림선,1,37.478273,126.933228,1007.14,1898.32,1,167,D,1.5,3635,0.1822,3.28,,실적
서정리,경기,1호선,1,37.056459,127.052844,946.76,2472.37,1,508,C,2.0,8647,0.1147,,,실적
서초,서울,2호선,1,37.49191,127.007945,1382.12,1858.39,1,254,B,3.0,20970,0.1525,3.78,,실적
서현,경기,분당선,1,37.384931,127.123249,1980.04,2119.82,1,421,B,3.0,23348,0.1194,2.9,,실적
석계,서울,1호선|6호선,2,37.615072,127.065758,1757.45,579.27,1,561,B,3.0,18398,0.1339,3.25,,실적
석남,인천,도시철도 7호선|인천지하철 2호선,2,37.50671,126.676258,129.98,1461.96,1,605,E,1.0,,,,,
석바위시장,인천,인천지하철 2호선,1,37.457659,126.692387,307.86,1794.48,1,470,E,1.0,1460,0.1971,,,실적
석수,경기,1호선,1,37.435161,126.902233,795.17,1907.98,1,218,D,1.5,7534,0.1487,3.3,,실적
석천사거리,인천,인천지하철 2호선,1,37.456932,126.710383,440.06,1820.08,1,471,E,1.0,,,,,
석촌,서울,8호선|9호선,2,37.505237,127.106969,1882.18,1589.59,1,671,B,3.0,18693,0.1049,3.37,,실적
석촌고분,서울,9호선,1,37.502439,127.096611,1833.83,1594.87,1,82,D,1.5,7379,0.1514,3.5,,실적
선릉,서울,2호선|분당선,2,37.504368,127.048558,1608.73,1754.04,1,648,S,8.0,65681,0.193,3.87,,실적
선바위,경기,안산과천선,1,37.451854,127.002164,1245.92,1972.38,1,36,D,1.5,6984,0.1369,,,실적
선부,경기,서해선,1,37.33459,126.81,723.18,2201.12,1,211,E,1.0,,,,,
선유도,서울,9호선,1,37.537778,126.893889,702.68,1297.63,1,103,C,2.0,8560,0.151,4.4,,실적
선정릉,서울,9호선|분당선,2,37.510528,127.043738,1608.73,1599.65,1,624,B,3.0,16508,0.1871,4.19,,실적
선학,인천,인천지하철 1호선,1,37.426985,126.698872,333.37,2022.95,1,399,C,2.0,9614,0.1414,2.41,,실적
성균관대,경기,1호선,1,37.300344,126.970861,1113.94,2226.74,1,225,C,2.0,14109,0.1638,3.27,,실적
성남,경기,경강선,1,37.394709,127.11949,1964.74,2097.71,1,678,E,1.0,1414,0.1554,2.9,,실적
성복,경기,신분당선,1,37.314043,127.080758,1696.34,2229.34,1,192,B,3.0,18027,0.188,2.59,,실적
성수,서울,2호선,1,37.544628,127.055983,1804.55,1110.84,2,268|628,S,8.0,57959,0.1781,14.61,Y,실적
성신여대입구,서울,4호선|우이신설선,2,37.592626,127.016949,1465.86,635.09,1,585,B,3.0,25192,0.0824,4.05,,실적
세류,경기,1호선,1,37.244102,127.013772,1158.79,2334.6,1,227,D,1.5,3487,0.1577,,,실적
세마,경기,1호선,1,37.187288,127.043279,1101.26,2392.13,1,229,D,1.5,3387,0.1182,,,실적
세종대왕릉,경기,경강선,1,37.293636,127.570764,2425.34,2338.73,1,277,E,1.0,365,0.0932,,,실적
센트럴파크,인천,인천지하철 1호선,1,37.392833,126.635002,333.37,2328.24,1,407,C,2.0,9943,0.1093,3.64,,실적
소래포구,인천,수인선,1,37.400963,126.733533,413.48,2205.11,1,441,D,1.5,4536,0.1258,,,실적
소사,경기,1호선|서해선,2,37.482755,126.79536,547.69,1647.64,1,610,D,1.5,7627,0.1351,3.39,,실적
소새울,경기,서해선,1,37.468505,126.797228,547.7,1724.49,1,201,B,3.0,16963,0.2086,3.39,,실적
소요산,경기,1호선,1,37.948608,127.061007,,,0,,E,1.0,2065,0.1391,,,실적
솔밭공원,서울,우이신설선,1,37.65607,127.01326,1469.22,329.52,1,234,D,1.5,2569,0.1493,1.92,,실적
솔샘,서울,우이신설선,1,37.62037,127.01357,1469.22,518.3,1,240,D,1.5,5576,0.1753,2.24,,실적
송내,경기,1호선,1,37.487626,126.753045,371.16,1642.22,1,214,B,3.0,23799,0.1416,,,실적
송도,인천,수인선,1,37.429714,126.654486,245.24,2099.91,1,447,D,1.5,2485,0.1104,,,실적
송도달빛축제공원,인천,인천지하철 1호선,1,37.406875,126.626054,251.31,2361.49,1,409,E,1.0,,,,,
송산,경기,의정부,1,37.73717,127.087276,2266.58,257.75,1,3,D,1.5,7174,0.2247,4.25,,실적
송정,서울,5호선,1,37.561411,126.812052,372.83,1062.2,1,125,D,1.5,6107,0.1193,,,실적
송탄,경기,1호선,1,37.075376,127.054397,994.39,2472.37,1,503,D,1.5,4381,0.0973,,,실적
송파,서울,8호선,1,37.49978,127.11212,1882.18,1700.48,1,94,C,2.0,9840,0.1324,3.15,,실적
송파나루,서울,9호선,1,37.51055,127.112451,1918.23,1594.87,1,83,D,1.5,6024,0.1222,4.1,,실적
수내,경기,분당선,1,37.378435,127.114216,1956.36,2143.53,1,420,C,2.0,11769,0.1361,2.9,,실적
수락산,서울,7호선,1,37.677804,127.055314,1868.5,351.05,1,356,C,2.0,12374,0.1259,2.7,,실적
수리산,경기,안산과천선,1,37.350297,126.925537,933.47,2140.54,1,45,D,1.5,3897,0.1546,6.61,,실적
수색,서울,경의중앙선,1,37.580855,126.895681,569.11,871.59,1,373,D,1.5,2950,0.1176,,,실적
수서,서울,3호선|분당선,2,37.48757,127.101221,1845.39,1919.27,2,574|575,A,5.0,35617,0.1021,5.58,,실적
수원,경기,1호선|분당선,2,37.266162,126.999952,1186.53,2296.15,1,667,A,5.0,46856,0.0843,3.12,,실적
수원시청,경기,분당선,1,37.261941,127.030736,1341.12,2296.1,1,427,C,2.0,13591,0.1103,3.81,,실적
수유,서울,4호선,1,37.637127,127.024731,1648.52,452.97,1,348,A,5.0,32883,0.1197,2.91,,실적
수지구청,경기,신분당선,1,37.323009,127.095581,1783.89,2229.34,1,193,B,3.0,16086,0.1894,2.59,,실적
수진,서울,8호선,1,37.437575,127.140936,2052.33,2030.57,1,102,D,1.5,5463,0.1343,2.72,,실적
숙대입구,서울,4호선,1,37.545124,126.971952,1245.92,1181.82,1,31,C,2.0,14478,0.1202,12.92,Y,실적
숭실대입구,서울,7호선,1,37.496258,126.953649,1172.88,1709.29,1,174,C,2.0,11481,0.1407,2.74,,실적
숭의,인천,수인선,1,37.460891,126.638035,224.09,2045.81,1,445,D,1.5,4318,0.1165,,,실적
시민공원,인천,인천지하철 2호선,1,37.458339,126.681009,259.73,1794.48,1,469,D,1.5,7647,0.1677,2.04,,실적
시우,경기,서해선,1,37.313097,126.795503,723.18,2362.51,1,208,E,1.0,1199,0.159,,,실적
시청,서울,1호선|2호선,2,37.563562,126.975339,1048.05,865.66,1,636,S,8.0,51845,0.2163,8.33,,실적
시청·용인대,경기,에버라인,1,37.239442,127.178885,2014.66,2401.84,1,285,E,1.0,367,0.258,,,실적
시흥능곡,경기,서해선,1,37.36999,126.808594,670.6,2116.04,1,207,D,1.5,5194,0.1852,7.75,,실적
시흥대야,경기,서해선,1,37.450479,126.793142,547.69,1886.87,1,203,E,1.0,2,0.68,,,실적
시흥시청,경기,서해선,1,37.381411,126.805946,630.92,2076.32,1,206,D,1.5,7001,0.1782,7.75,,실적
신갈,경기,분당선,1,37.286127,127.111311,1762.27,2296.1,1,425,D,1.5,4614,0.1449,5.15,,실적
신검단중앙,인천,인천지하철 1호선,1,37.6026,126.698611,236.79,923.36,1,680,E,1.0,,,,,
신금호,서울,5호선,1,37.554504,127.020403,1534.77,972.26,1,130,D,1.5,5994,0.1496,4.56,,실적
신길,서울,1호선|5호선,2,37.517324,126.916314,954.49,1525.18,1,669,C,2.0,13063,0.1498,5.53,,실적
신내,서울,6호선|경춘선,2,37.612713,127.103802,2072.17,652.89,1,560,D,1.5,2857,0.1569,6.17,,실적
신논현,서울,9호선|신분당선,2,37.5045,127.024474,1510.51,1599.65,1,623,A,5.0,31373,0.116,4.87,,실적
신답,서울,2호선,1,37.56147,127.056348,1746.92,936.11,1,266,E,1.0,1677,0.2309,8.77,,실적
신당,서울,2호선|6호선,2,37.565928,127.017823,1485.76,859.26,1,597,B,3.0,23545,0.0922,6.34,,실적
신대방,서울,2호선,1,37.487534,126.913279,971.93,1775.08,1,249,B,3.0,24061,0.1796,3.4,,실적
신대방삼거리,서울,7호선,1,37.499717,126.928218,1053.35,1709.29,1,172,C,2.0,14461,0.1696,2.21,,실적
신도림,서울,1호선|2호선,2,37.508899,126.891368,830.46,1635.06,1,617,S,8.0,50573,0.1042,4.35,,실적
신둔도예촌,경기,경강선,1,37.315499,127.405251,2303.38,2216.84,1,274,E,1.0,1409,0.1331,,,실적
신림,서울,2호선|신림선,2,37.484553,126.929591,1007.14,1803.71,1,618,S,8.0,56867,0.1636,3.95,,실적
신목동,서울,9호선,1,37.544167,126.883056,659.48,1254.45,1,104,D,1.5,4483,0.1693,4.03,,실적
신반포,서울,9호선,1,37.503503,126.996044,1355.1,1538.78,1,76,D,1.5,4864,0.0959,5.04,,실적
신방화,서울,9호선,1,37.5675,126.816667,473.2,956.58,1,112,D,1.5,6792,0.1429,4.17,,실적
신사,서울,3호선|신분당선,2,37.516282,127.020004,1431.62,1449.63,1,577,B,3.0,25178,0.161,5.81,,실적
신설동,서울,1호선|2호선|우이신설선,3,37.575787,127.024363,1572.29,746.49,3,587|588|589,B,3.0,20665,0.1291,6.82,,실적
신연수,인천,인천지하철 1호선,1,37.418032,126.693853,333.37,2062.85,1,400,E,1.0,,,,,
신용산,서울,4호선,1,37.52919,126.96858,,,0,,B,3.0,22776,0.1546,4.9,,실적
신원,경기,경의중앙선,1,37.525921,127.372745,2433.83,754.9,1,317,E,1.0,165,0.0885,,,실적
신이문,서울,1호선,1,37.601829,127.067347,1757.45,620.39,1,305,C,2.0,8389,0.1675,5.37,,실적
신정,서울,5호선,1,37.525001,126.856176,607.04,1347.15,1,120,C,2.0,13033,0.1924,3.34,,실적
신정네거리,서울,2호선,1,37.520218,126.852849,731.52,1554.32,1,263,C,2.0,9304,0.1734,3.7,,실적
신중동,경기,도시철도 7호선,1,37.503081,126.776161,471.73,1493.87,1,153,A,5.0,29939,0.1556,3.15,,실적
신천,경기,서해선,1,37.439115,126.786835,547.69,1975.37,1,204,E,1.0,,,,,
신촌,서울,2호선,1,37.555153,126.93689,831.29,1061.36,1,246,A,5.0,38180,0.0943,8.73,,실적
신촌(경의),서울,경의중앙선,1,37.559768,126.942308,740.58,1043.18,1,637,B,3.0,25915,0.1075,9.84,,실적
신포,인천,수인선,1,37.468442,126.624509,224.09,2012.7,1,444,E,1.0,1704,0.0993,,,실적
신풍,서울,7호선,1,37.500107,126.909806,948.94,1709.29,1,170,C,2.0,11528,0.1476,4.04,,실적
신현,경기,서해선,1,37.40914,126.78788,591.24,2036.6,1,205,D,1.5,5832,0.1827,7.75,,실적
신흥,서울,8호선,1,37.440952,127.14759,2095.08,2030.57,1,101,D,1.5,5437,0.1372,2.43,,실적
쌍문,서울,4호선,1,37.648274,127.034381,1703.3,417.58,1,16,A,5.0,28164,0.1474,2.25,,실적
아라,인천,인천지하철 1호선,1,37.592222,126.713333,236.79,985.55,1,679,E,1.0,,,,,
아시아드경기장,인천,인천지하철 2호선,1,37.551373,126.677075,129.99,1158.42,1,462,E,1.0,,,,,
아신,경기,경의중앙선,1,37.513954,127.443238,2433.83,812.84,1,319,E,1.0,512,0.1063,,,실적
아차산,서울,5호선,1,37.552005,127.089609,1995.92,1043.82,1,135,C,2.0,13800,0.1355,3.24,,실적
아현,서울,2호선,1,37.557407,126.956079,918.74,956.68,1,244,C,2.0,10574,0.1386,6.75,,실적
안국,서울,3호선,1,37.576562,126.98547,1169.78,686.35,1,60,B,3.0,25224,0.1572,9.6,,실적
안산,경기,수인선|안산과천선,2,37.327006,126.788748,668.4,2289.77,1,581,C,2.0,11611,0.1204,,,실적
안암,서울,6호선,1,37.586261,127.02903,1549.1,665.46,1,297,C,2.0,11321,0.1256,4.07,,실적
안양,경기,1호선,1,37.401929,126.922647,871.71,1984.52,1,220,B,3.0,20652,0.1415,2.91,,실적
암사,서울,8호선,1,37.550127,127.127521,2031.13,1217.91,1,89,B,3.0,15440,0.1636,2.62,,실적
암사역사공원,서울,8호선,1,37.557167,127.137556,2061.01,1187.55,1,90,D,1.5,6895,0.17,2.74,,실적
압구정,서울,3호선,1,37.526169,127.028502,1431.62,1414.73,1,51,A,5.0,30521,0.1484,9.25,,실적
압구정로데오,서울,분당선,1,37.527385,127.040555,1608.73,1329.66,1,411,B,3.0,18096,0.1583,9.73,,실적
애오개,서울,5호선,1,37.553592,126.956733,985.42,1115.54,1,115,D,1.5,6330,0.1458,6.43,,실적
야당,경기,경의중앙선,1,37.712749,126.761535,452.85,289.23,1,375,D,1.5,7186,0.1252,,,실적
야목,경기,수인선,1,37.261211,126.884029,1011.25,2296.1,1,437,E,1.0,753,0.1568,,,실적
야탑,경기,분당선,1,37.41132,127.128661,2006.08,2063.93,1,418,B,3.0,24127,0.1055,,,실적
약수,서울,3호선|6호선,2,37.55438,127.010432,1431.61,1129.77,1,592,B,3.0,15859,0.0956,6.58,,실적
양수,경기,경의중앙선,1,37.545998,127.328948,2433.63,725.93,1,316,E,1.0,2140,0.0977,,,실적
양원,서울,경의중앙선,1,36.963729,129.091321,2067.76,713.24,1,308,D,1.5,3029,0.1424,,,실적
양재,서울,3호선|신분당선,2,37.484557,127.034615,1510.51,1913.82,1,653,A,5.0,34561,0.1822,3.74,,실적
양재시민의숲,서울,신분당선,1,37.470964,127.03842,1543.76,1986.28,1,187,A,5.0,28186,0.1722,3.05,,실적
양정,경기,경의중앙선,1,37.604269,127.194602,2222.28,713.24,1,311,E,1.0,489,0.1144,,,실적
양주,경기,1호선,1,37.774281,127.044719,2009.42,154.68,1,12,D,1.5,6621,0.1333,,,실적
양천구청,서울,2호선,1,37.512194,126.865193,681.1,1503.78,1,264,D,1.5,6354,0.1658,10.13,Y,실적
양천향교,서울,9호선,1,37.568333,126.841389,555.89,1019.53,1,108,C,2.0,10468,0.1291,5.32,,실적
양촌,경기,김포도시철도,1,37.641639,126.614694,77.49,642.13,1,484,C,2.0,8323,0.192,4.07,,실적
양평,경기,5호선|경의중앙선,2,37.509144,127.189018,716.7,1456.96,1,117,C,2.0,11256,0.1302,2.84,,실적
어룡,경기,의정부,1,37.742722,127.085204,2245.23,236.42,1,4,D,1.5,7237,0.2245,4.25,,실적
어린이대공원,서울,7호선,1,37.547962,127.07465,1885.58,1143.29,1,182,C,2.0,13501,0.1105,5.37,,실적
어정,경기,에버라인,1,37.274951,127.14375,1827.74,2401.84,1,281,D,1.5,5204,0.1783,5.15,,실적
어천,경기,수인선,1,37.250076,126.908805,1054.72,2296.1,1,435,E,1.0,1454,0.1014,,,실적
언주,서울,9호선,1,37.507287,127.033868,1561.32,1594.87,1,78,C,2.0,11422,0.1904,4.26,,실적
여의나루,서울,5호선,1,37.527145,126.932807,985.42,1428.01,1,114,C,2.0,13162,0.163,5.94,,실적
여의도,서울,5호선|9호선,2,37.521661,126.924242,985.42,1463.02,1,620,S,8.0,57226,0.2022,5.91,,실적
여주,경기,경강선,1,37.282881,127.628571,2466.58,2379.95,1,278,D,1.5,2897,0.1087,,,실적
역곡,경기,1호선,1,37.48514,126.811622,583.35,1642.22,1,200,B,3.0,23391,0.1562,,,실적
역삼,서울,2호선,1,37.500658,127.03643,1561.19,1783.1,1,255,A,5.0,45814,0.2047,4.14,,실적
역촌,서울,6호선,1,37.60605,126.922764,963.48,548.48,1,29,D,1.5,3979,0.1492,2.84,,실적
연수,인천,수인선,1,37.417769,126.678991,287.8,2099.9,1,448,D,1.5,4466,0.1119,,,실적
연신내,서울,3호선|6호선,2,37.618726,126.920689,883.47,522.84,3,545|546|547,A,5.0,36543,0.1329,2.95,,실적
연천,경기,1호선,1,38.100485,127.07368,,,0,,E,1.0,1209,0.1107,,,실적
염창,서울,9호선,1,37.546944,126.874722,615.79,1210.92,1,105,B,3.0,17610,0.1652,4.04,,실적
영등포,서울,1호선,1,37.515756,126.907411,887.71,1580.67,1,196,A,5.0,42519,0.1311,5.42,,실적
영등포구청,서울,2호선|5호선,2,37.524987,126.895824,773.03,1513.05,1,609,A,5.0,26804,0.1648,4.41,,실적
영등포시장,서울,5호선,1,37.52276,126.905143,856.93,1518.89,1,116,C,2.0,11083,0.1285,5.19,,실적
영종,인천,인천국제공항선,1,37.512098,126.524247,52.92,1864.28,1,478,D,1.5,4599,0.1446,,,실적
영통,경기,분당선,1,37.251521,127.071341,1528.43,2296.1,1,430,C,2.0,8632,0.0956,,,실적
예술회관,인천,인천지하철 1호선,1,37.449334,126.700991,333.37,1903.24,1,396,E,1.0,,,,,
오금,서울,3호선|5호선,2,37.502258,127.128022,2019.18,1729.41,1,665,C,2.0,9838,0.1325,3.88,,실적
오남,경기,진접선,1,37.705406,127.191644,2159.63,417.47,1,352,D,1.5,6886,0.2176,4.14,,실적
오류동,서울,1호선,1,37.4944,126.844551,673.38,1642.22,1,199,C,2.0,11064,0.152,3.89,,실적
오리,경기,분당선,1,37.339832,127.108985,1933.24,2262.16,1,419,C,2.0,10292,0.1053,2.59,,실적
오목교,서울,5호선,1,37.524557,126.875049,680.57,1420.86,1,118,B,3.0,20598,0.0986,3.15,,실적
오목천,경기,수인선,1,37.243011,126.963635,1100.61,2296.1,1,434,D,1.5,3766,0.1162,,,실적
오빈,경기,경의중앙선,1,37.506061,127.474053,2433.78,841.81,1,320,E,1.0,305,0.1051,,,실적
오산,경기,1호선,1,37.145472,127.066708,1053.28,2440.11,1,230,C,2.0,10414,0.0879,,,실적
오산대,경기,1호선,1,37.169401,127.063081,1077.27,2416.12,1,228,D,1.5,3649,0.1235,,,실적
오이도,경기,수인선|안산과천선,2,37.361773,126.738437,454.9,2289.77,1,578,D,1.5,7457,0.1235,,,실적
옥수,서울,3호선|경의중앙선,2,37.541084,127.018,1431.62,1295.02,1,595,C,2.0,9008,0.1194,5.24,,실적
온수,서울,1호선|7호선,2,37.492163,126.823346,624.28,1645.22,1,611,C,2.0,14634,0.1534,3.62,,실적
올림픽공원,서울,5호선|9호선,2,37.516164,127.130645,1995.92,1589.6,1,672,B,3.0,18624,0.1051,2.8,,실적
완정,인천,인천지하철 2호선,1,37.592867,126.672961,129.99,944.42,1,460,E,1.0,,,,,
왕길,인천,인천지하철 2호선,1,37.595019,126.642284,129.99,838.1,1,456,E,1.0,,,,,
왕십리,서울,2호선|5호선|경의중앙선|분당선,4,37.561467,127.03747,1650.18,972.26,4,526|527|528|529,A,5.0,36869,0.0935,5.1,,실적
외대앞,서울,1호선,1,37.596157,127.063572,1757.45,658.42,1,304,C,2.0,11210,0.1305,5.22,,실적
용답,서울,2호선,1,37.566412,126.977863,1774.36,972.26,1,132,D,1.5,2870,0.1704,13.23,Y,실적
용두,서울,2호선,1,37.574012,127.03811,1654.06,843.1,1,267,E,1.0,2216,0.1443,,,실적
용마산,서울,7호선,1,37.573752,127.086802,1925.12,885.71,1,184,D,1.5,5520,0.1707,2.98,,실적
용문,경기,경의중앙선,1,37.482085,127.594251,2433.64,928.72,1,323,E,1.0,2239,0.1071,,,실적
용산,서울,1호선,1,37.52989,126.964775,1148.33,1341.73,1,596,S,8.0,50520,0.1177,4.87,,실적
용유,인천,자기부상철도,1,37.424805,126.423637,,,0,,E,1.0,209,0.157,,,실적
용인중앙시장,경기,에버라인,1,37.237911,127.209053,2152.08,2401.84,1,288,E,1.0,978,0.1871,,,실적
우장산,서울,5호선,1,37.548864,126.83633,476.88,1217.05,1,122,C,2.0,14565,0.1378,3.38,,실적
운길산,경기,경의중앙선,1,37.554659,127.310089,2393.07,713.24,1,315,E,1.0,644,0.0998,,,실적
운서,인천,인천국제공항선,1,37.492845,126.493662,52.92,1956.39,1,480,C,2.0,10397,0.1121,,,실적
운양,경기,김포도시철도,1,37.653861,126.683833,197.1,761.75,1,487,D,1.5,4629,0.2113,3.8,,실적
운연,인천,인천지하철 2호선,1,37.439533,126.759609,440.07,2005.72,1,475,E,1.0,,,,,
운정,경기,경의중앙선,1,37.725441,126.767076,407.09,289.23,1,376,D,1.5,7558,0.127,,,실적
운천,경기,경의중앙선,1,37.880008,126.769713,132.66,289.23,1,384,E,1.0,5,0.4792,5.63,,실적
워터파크,인천,자기부상철도,1,37.429227,126.434183,,,0,,E,1.0,,,,,
원당,경기,일산선,1,37.653103,126.842891,632.77,522.84,1,493,C,2.0,11066,0.1441,4.57,,실적
원덕,경기,경의중앙선,1,37.468585,127.547468,2433.64,899.76,1,322,E,1.0,327,0.1055,,,실적
원시,경기,서해선,1,37.302654,126.78679,790.75,2382.61,1,209,C,2.0,12497,0.1201,,,실적
원인재,인천,수인선|인천지하철 1호선,2,37.412642,126.687422,338.75,2099.9,1,643,D,1.5,4144,0.1131,,,실적
원종,경기,서해선,1,37.524063,126.804839,432.92,1374.07,1,202,D,1.5,5139,0.1265,3.41,,실적
원흥,경기,일산선,1,37.650709,126.873239,678.67,522.84,1,494,C,2.0,10625,0.1496,4.57,,실적
월계,서울,1호선,1,37.633114,127.058835,1757.45,490.88,1,358,D,1.5,5958,0.1398,2.44,,실적
월곡,서울,6호선,1,37.60192,127.041492,1664.1,585.44,1,300,C,2.0,10692,0.1454,3.02,,실적
월곶,경기,수인선,1,37.39189,126.742741,413.48,2234.72,1,442,D,1.5,2903,0.1321,7.75,,실적
월드컵경기장,서울,6호선,1,37.569439,126.899077,653.51,1051.68,1,25,D,1.5,4717,0.1743,3.75,,실적
월롱,경기,경의중앙선,1,37.796201,126.792574,269.75,289.23,1,379,E,1.0,1797,0.17,5.63,,실적
을지로3가,서울,2호선|3호선,2,37.566295,126.992194,1169.78,825.43,1,632,A,5.0,38435,0.184,13.85,Y,실적
을지로4가,서울,2호선|5호선,2,37.566596,126.998124,1268.47,815.25,1,633,B,3.0,21417,0.1667,11.43,Y,실적
을지로입구,서울,2호선,1,37.565998,126.982569,1105.46,847.41,1,243,S,8.0,51317,0.1849,15.67,Y,실적
응봉,서울,경의중앙선,1,37.550433,127.034824,1501.38,1219.55,1,296,E,1.0,1711,0.1427,4.86,,실적
응암,서울,6호선,1,37.59859,126.915583,936.07,575.69,1,518,B,3.0,16986,0.1725,2.81,,실적
의왕,경기,1호선,1,37.320648,126.948099,1081.3,2194.09,1,224,C,2.0,8617,0.1272,,,실적
의정부,경기,1호선,1,37.73873,127.045891,,,0,,B,3.0,18763,0.0871,,,실적
의정부시청,경기,의정부,1,37.739249,127.034854,1879.52,203.11,1,363,E,1.0,,,,,
의정부중앙,경기,의정부,1,37.743719,127.049633,2020.87,203.11,1,365,E,1.0,,,,,
이대,서울,2호선,1,37.556734,126.945897,866.49,1011.7,1,245,B,3.0,15247,0.0918,9.01,,실적
이매,경기,경강선|분당선,2,37.395291,127.12766,2011.36,2097.71,1,664,D,1.5,6348,0.093,2.9,,실적
이수,서울,7호선,1,37.485258,126.981766,,,0,,B,3.0,16832,0.0937,3.25,,실적
이천,경기,경강선,1,37.264222,127.442135,2344.61,2258.05,1,275,D,1.5,2989,0.1069,,,실적
이촌,서울,4호선|경의중앙선,2,37.5225,126.973583,1245.92,1341.73,1,594,B,3.0,15471,0.1242,4.75,,실적
이태원,서울,6호선,1,37.534485,126.994369,1316.29,1240.08,1,21,C,2.0,11474,0.1052,10.51,Y,실적
인덕원,경기,안산과천선,1,37.401901,126.976718,1114.46,2066.45,1,41,B,3.0,25136,0.1201,2.23,,실적
인천,인천,1호선|수인선,2,37.476364,126.61718,224.02,1976.93,1,642,D,1.5,4972,0.1074,,,실적
인천가좌,인천,인천지하철 2호선,1,37.489962,126.675284,,,0,,E,1.0,,,,,
인천공항1터미널,인천,인천국제공항선,1,37.447607,126.452343,52.92,2140.6,1,481,C,2.0,14397,0.0855,,,실적
인천공항2터미널,인천,인천국제공항선,1,37.46866,126.433415,52.92,2232.71,1,482,C,2.0,11981,0.0908,,,실적
인천국제공항,인천,자기부상철도,1,37.447222,126.4525,,,0,,E,1.0,,,,,
인천논현,인천,수인선,1,37.400641,126.722495,413.48,2175.51,1,440,D,1.5,5165,0.0935,,,실적
인천대공원,인천,인천지하철 2호선,1,37.448475,126.753051,440.07,1968.59,1,476,E,1.0,,,,,
인천대입구,인천,인천지하철 1호선,1,37.386239,126.639351,333.37,2297.77,1,405,C,2.0,10902,0.1089,3.64,,실적
인천시청,인천,인천지하철 1호선|인천지하철 2호선,2,37.45726,126.70187,333.59,1789.21,1,613,E,1.0,,,,,
인천터미널,인천,인천지하철 1호선,1,37.441917,126.699727,333.37,1943.14,1,397,C,2.0,8144,0.143,2.41,,실적
인하대,인천,수인선,1,37.448191,126.649832,224.03,2077.5,1,446,D,1.5,6171,0.1352,2.04,,실적
일산,경기,경의중앙선|서해선,2,37.682231,126.769521,515.22,335.08,1,602,C,2.0,9775,0.1617,3.1,,실적
일원,서울,3호선,1,37.48389,127.08416,1805.05,1919.27,1,58,C,2.0,10735,0.122,4.95,,실적
임진강,경기,경의중앙선,1,37.888364,126.746777,86.96,289.23,1,385,E,1.0,22,0.5864,5.63,,실적
임학,인천,인천지하철 1호선,1,37.545058,126.738642,236.79,1179.02,1,389,D,1.5,7682,0.1952,4.33,,실적
자양,서울,7호선,1,37.531558,127.066714,1742.22,1286.94,1,181,C,2.0,9923,0.1051,7.98,,실적
작전,인천,인천지하철 1호선,1,37.530271,126.722548,236.79,1331.23,1,386,E,1.0,,,,,
잠실,서울,2호선|8호선,2,37.513977,127.102198,1791.43,1453.2,1,658,S,8.0,100218,0.1052,5.74,,실적
잠실나루,서울,2호선,1,37.520688,127.103836,1794.07,1402.0,1,258,C,2.0,15049,0.1198,5.05,,실적
잠실새내,서울,2호선,1,37.520731,127.103738,1772.05,1505.54,1,257,B,3.0,23429,0.1176,5.05,,실적
잠원,서울,3호선,1,37.512989,127.011613,1431.62,1512.85,1,52,D,1.5,7117,0.1221,4.94,,실적
장기,경기,김포도시철도,1,37.644028,126.669,167.2,731.84,1,486,D,1.5,5046,0.2067,3.82,,실적
장기주차장,인천,자기부상철도,1,37.44385,126.455671,,,0,,E,1.0,,,,,
장승배기,서울,7호선,1,37.504845,126.939025,1097.46,1709.29,1,171,C,2.0,9473,0.1314,2.74,,실적
장암,서울,7호선,1,37.70015,127.053126,1984.06,322.83,1,354,E,1.0,2703,0.219,,,실적
장지,서울,8호선,1,37.478609,127.126229,1979.52,1872.24,1,96,B,3.0,16957,0.1022,3.26,,실적
장한평,서울,5호선,1,37.561438,127.064601,1885.76,972.26,1,134,B,3.0,19187,0.1406,5.78,,실적
전곡,경기,1호선,1,38.024041,127.071913,,,0,,E,1.0,1286,0.1087,,,실적
전대·에버랜드,경기,에버라인,1,37.285413,127.219509,2335.31,2401.84,1,292,E,1.0,,,,,
정릉,서울,우이신설선,1,37.60278,127.01345,1469.22,581.23,1,242,D,1.5,4496,0.1247,2.8,,실적
정발산,경기,일산선,1,37.659709,126.773254,355.69,522.97,1,67,D,1.5,7031,0.1067,2.97,,실적
정부과천청사,경기,안산과천선,1,37.426445,126.989802,1167.02,2066.61,1,40,C,2.0,12861,0.1941,3.05,,실적
정왕,경기,수인선|안산과천선,2,37.351816,126.742844,529.29,2289.77,1,579,C,2.0,8739,0.1018,8.22,,실적
정자,경기,분당선|신분당선,2,37.367124,127.108238,1928.67,2179.82,1,660,B,3.0,18129,0.1388,2.9,,실적
제기동,서울,1호선,1,37.578116,127.034902,1648.39,746.49,1,269,B,3.0,15058,0.0891,4.29,,실적
제물포,인천,1호선,1,37.466809,126.657165,224.02,1876.96,1,450,C,2.0,9933,0.1314,2.04,,실적
종각,서울,1호선,1,37.570203,126.983116,1047.83,793.25,1,231,A,5.0,38619,0.1904,13.07,Y,실적
종로3가,서울,1호선|3호선|5호선,3,37.571504,126.99126,1169.78,744.96,3,542|543|544,S,8.0,50193,0.1297,7.93,,실적
종로5가,서울,1호선,1,37.570971,127.0019,1268.64,746.48,1,232,B,3.0,23154,0.1301,8.34,,실적
종합운동장,서울,2호선|9호선,2,37.511082,127.075279,1739.77,1594.87,1,659,B,3.0,22085,0.2034,3.85,,실적
주안,인천,1호선|인천지하철 2호선,2,37.465138,126.679871,227.59,1781.51,1,641,B,3.0,17013,0.1099,2.04,,실적
주안국가산단,인천,인천지하철 2호선,1,37.473599,126.681102,155.66,1710.88,1,468,E,1.0,,,,,
주엽,경기,일산선,1,37.670138,126.761232,312.62,496.86,1,499,C,2.0,8730,0.1026,3.38,,실적
죽전,경기,분당선,1,37.324575,127.107385,1909.66,2296.1,1,422,C,2.0,12169,0.1122,2.59,,실적
중계,서울,7호선,1,37.645052,127.064084,1925.12,454.42,1,344,C,2.0,13930,0.1496,2.79,,실적
중곡,서울,7호선,1,37.565877,127.084291,1925.12,926.72,1,183,C,2.0,10509,0.1405,2.88,,실적
중동,경기,1호선,1,37.486664,126.764474,427.66,1642.22,1,213,C,2.0,8728,0.1633,3.15,,실적
중랑,서울,경의중앙선|경춘선,2,37.594948,127.076152,1854.85,706.86,1,558,D,1.5,5421,0.1426,3.55,,실적
중앙,경기,수인선|안산과천선,2,37.316055,126.838532,851.35,2289.77,1,583,B,3.0,17581,0.1019,8.03,,실적
중앙보훈병원,서울,9호선,1,37.528807,127.148488,2100.57,1486.06,1,86,C,2.0,12586,0.1465,4.35,,실적
중화,서울,7호선,1,37.602604,127.079254,1925.12,655.72,1,303,C,2.0,10742,0.1533,3.51,,실적
증미,서울,9호선,1,37.55785,126.861067,555.89,1117.42,1,109,D,1.5,7544,0.17,4.04,,실적
증산,서울,6호선,1,37.583989,126.909785,729.37,782.37,1,519,C,2.0,8777,0.165,2.92,,실적
지석,경기,에버라인,1,37.269737,127.136326,1783.56,2377.74,1,280,D,1.5,7401,0.1733,5.15,,실적
지식정보단지,인천,인천지하철 1호선,1,37.378021,126.645412,333.37,2267.31,1,406,C,2.0,9532,0.1094,3.64,,실적
지축,경기,3호선|일산선,2,37.648197,126.913148,770.55,522.84,1,495,D,1.5,7231,0.1429,4.45,,실적
지평,경기,경의중앙선,1,37.476496,127.629681,2433.64,957.7,1,324,E,1.0,56,0.227,,,실적
지행,경기,1호선,1,37.892361,127.055734,2070.13,93.97,1,15,D,1.5,6241,0.1129,,,실적
진위,경기,1호선,1,37.109771,127.062342,1029.29,2464.1,1,502,E,1.0,1584,0.1549,,,실적
진접,경기,진접선,1,37.720472,127.203167,2222.21,417.47,1,353,E,1.0,,,,,
창동,서울,1호선|4호선,2,37.653087,127.047204,1757.45,412.72,1,521,A,5.0,27358,0.1054,4.08,,실적
창신,서울,6호선,1,37.579772,127.015246,1501.02,713.54,1,22,D,1.5,3382,0.1685,6.0,,실적
천마산,경기,경춘선,1,37.658995,127.285731,2415.67,631.6,1,331,E,1.0,1540,0.1565,4.14,,실적
천왕,서울,7호선,1,37.486699,126.838684,653.15,1674.93,1,162,C,2.0,11399,0.175,7.59,,실적
천호,서울,5호선|8호선,2,37.538243,127.123359,1992.11,1256.31,1,646,A,5.0,39179,0.0871,2.98,,실적
철산,서울,7호선,1,37.47616,126.868217,718.1,1709.29,1,160,B,3.0,21421,0.1446,3.14,,실적
청계산입구,서울,신분당선,1,37.448715,127.05434,1596.18,2038.34,1,188,B,3.0,25366,0.1864,2.59,,실적
청구,서울,5호선|6호선,2,37.560229,127.013783,1485.76,977.89,1,645,D,1.5,7039,0.1321,6.82,,실적
청담,서울,7호선,1,37.519097,127.051851,1683.5,1345.37,1,180,B,3.0,17352,0.1967,6.81,,실적
청라국제도시,인천,인천국제공항선,1,37.556509,126.624725,52.92,1093.66,1,477,D,1.5,7688,0.151,,,실적
청량리,서울,1호선|경의중앙선,2,37.580096,127.046326,1725.1,762.75,1,553,A,5.0,40507,0.0837,4.57,,실적
청명,경기,분당선,1,37.259485,127.078945,1590.86,2296.1,1,431,D,1.5,4486,0.1527,4.09,,실적
청산,경기,1호선,1,37.995138,127.074097,,,0,,E,1.0,152,0.1135,,,실적
청평,경기,경춘선,1,37.735484,127.426541,2433.37,523.75,1,328,E,1.0,1897,0.099,,,실적
초당,경기,에버라인,1,37.260806,127.159469,1923.04,2401.84,1,282,E,1.0,,,,,
초월,경기,경강선,1,37.373389,127.299996,2220.91,2134.42,1,272,D,1.5,3569,0.1742,2.78,,실적
초지,경기,서해선|수인선|안산과천선,3,37.320416,126.806784,723.18,2284.49,1,675,D,1.5,4469,0.1543,,,실적
총신대입구,서울,4호선|7호선,2,37.48639,126.982037,1245.92,1714.76,1,652,B,3.0,18650,0.1058,3.3,,실적
춘의,경기,도시철도 7호선,1,37.50365,126.787069,506.32,1528.23,1,154,B,3.0,24454,0.1587,3.16,,실적
충무로,서울,3호선|4호선,2,37.561302,126.995473,1265.78,957.73,1,634,A,5.0,29629,0.1825,12.09,Y,실적
충정로,서울,2호선|5호선,2,37.559901,126.963619,985.42,900.54,1,635,C,2.0,14385,0.1757,6.5,,실적
캠퍼스타운,인천,인천지하철 1호선,1,37.388209,126.661985,333.37,2206.38,1,403,C,2.0,10757,0.1089,3.64,,실적
탄현,경기,경의중앙선,1,37.694114,126.761075,498.61,289.23,1,374,D,1.5,7258,0.161,,,실적
탑석,경기,의정부,1,37.733554,127.088906,2287.93,279.08,1,2,E,1.0,,,,,
태릉입구,서울,6호선|7호선,2,37.617319,127.074741,1925.12,579.27,1,563,C,2.0,13650,0.1146,4.13,,실적
태평,경기,분당선,1,37.439842,127.127746,2006.08,1992.28,1,417,C,2.0,12624,0.1479,3.42,,실적
테크노파크,인천,인천지하철 1호선,1,37.382311,126.656355,333.37,2236.84,1,404,C,2.0,10808,0.1088,3.64,,실적
퇴계원,경기,경춘선,1,37.648316,127.143858,2232.16,631.6,1,335,D,1.5,3195,0.1659,,,실적
파라다이스시티,인천,자기부상철도,1,37.437217,126.459858,,,0,,E,1.0,,,,,
파주,경기,경의중앙선,1,37.815391,126.792426,224.05,289.23,1,382,E,1.0,1135,0.1195,5.63,,실적
판교,경기,경강선|신분당선,2,37.395256,127.111173,1928.95,2097.71,1,663,D,1.5,5927,0.1519,2.9,,실적
팔당,경기,경의중앙선,1,37.547321,127.243896,2350.38,713.24,1,314,E,1.0,812,0.0991,,,실적
평내호평,경기,경춘선,1,37.653229,127.244452,2364.44,631.6,1,332,D,1.5,6003,0.147,4.14,,실적
평촌,경기,안산과천선,1,37.394346,126.963881,1068.46,2066.45,1,42,B,3.0,16625,0.1273,2.21,,실적
평택,경기,1호선,1,36.990559,127.085496,839.84,2472.37,1,509,C,2.0,12916,0.0767,,,실적
평택지제,경기,1호선,1,37.018822,127.070269,893.21,2472.37,1,504,D,1.5,4847,0.1216,,,실적
풍무,경기,김포도시철도,1,37.612333,126.732583,286.82,851.46,1,490,E,1.0,,,,,
풍산,경기,경의중앙선|서해선,2,37.672173,126.786355,515.22,380.99,1,601,D,1.5,6217,0.1393,2.87,,실적
하계,서울,7호선,1,37.636363,127.067999,1925.12,490.88,1,343,B,3.0,16782,0.132,2.08,,실적
하남검단산,서울,5호선,1,37.539729,127.223427,2400.46,1112.53,1,150,D,1.5,6736,0.1257,2.84,,실적
하남시청,서울,5호선,1,37.541723,127.206901,2344.41,1112.53,1,149,C,2.0,8468,0.1213,2.84,,실적
하남풍산,서울,5호선,1,37.552201,127.203897,2291.22,1112.53,1,148,D,1.5,4579,0.1044,2.84,,실적
학동,서울,7호선,1,37.514262,127.031738,1558.21,1470.48,1,179,B,3.0,20906,0.2464,4.55,,실적
학여울,서울,3호선,1,37.496757,127.070541,1710.37,1919.27,1,56,E,1.0,2152,0.1174,4.27,,실적
한강진,서울,6호선,1,37.53956,127.001729,1344.36,1212.14,1,19,C,2.0,9345,0.1517,9.52,,실적
한국항공대,경기,경의중앙선,1,37.603102,126.868291,,,0,,E,1.0,1806,0.113,,,실적
한남,서울,경의중앙선,1,37.529361,127.008984,1389.66,1331.34,1,295,D,1.5,3213,0.1425,7.97,,실적
한대앞,경기,수인선|안산과천선,2,37.309835,126.853581,912.52,2289.77,1,584,C,2.0,8622,0.1206,8.03,,실적
한성대입구,서울,4호선,1,37.58838,127.006751,1428.99,672.51,1,33,C,2.0,13473,0.0969,4.92,,실적
한성백제,서울,9호선,1,37.516369,127.116211,1956.07,1594.87,1,84,D,1.5,3442,0.1309,4.28,,실적
한양대,서울,2호선,1,37.55658,127.043504,1706.63,1049.75,1,261,C,2.0,8928,0.154,6.77,,실적
한티,서울,분당선,1,37.496208,127.052883,1608.73,1824.13,1,412,B,3.0,16021,0.1089,3.66,,실적
합동청사,인천,자기부상철도,1,37.440519,126.458654,,,0,,E,1.0,,,,,
합정,서울,2호선|6호선,2,37.549529,126.914052,760.48,1209.18,1,598,A,5.0,44656,0.1169,9.32,,실적
행당,서울,5호선,1,37.557297,127.029482,1575.83,972.26,1,131,D,1.5,7598,0.1782,3.75,,실적
행신,경기,경의중앙선,1,37.612125,126.834063,519.99,656.27,1,372,D,1.5,7023,0.1678,,,실적
혜화,서울,4호선,1,37.582116,127.001759,1398.36,703.13,1,32,A,5.0,37006,0.1067,6.19,,실적
호구포,인천,수인선,1,37.401622,126.708682,413.48,2145.9,1,439,D,1.5,3817,0.1555,,,실적
홍대입구,서울,2호선|경의중앙선|인천국제공항선,3,37.557356,126.925657,805.53,1117.42,2,535|536,S,8.0,94286,0.0956,12.71,Y,실적
홍제,서울,3호선,1,37.588851,126.944092,1063.57,562.54,1,64,B,3.0,17429,0.1377,2.91,,실적
화계,서울,우이신설선,1,37.63428,127.0175,1469.22,423.91,1,237,D,1.5,3644,0.1326,2.37,,실적
화곡,서울,5호선,1,37.541585,126.840436,527.31,1267.63,1,121,B,3.0,27663,0.1757,2.87,,실적
화랑대,서울,6호선,1,37.619875,127.084106,2013.63,588.14,1,306,C,2.0,10179,0.1786,3.17,,실적
화서,경기,1호선,1,37.28399,126.989581,1146.58,2259.39,1,226,C,2.0,11034,0.1387,3.18,,실적
화정,경기,일산선,1,37.634708,126.832503,586.87,522.84,1,492,B,3.0,16567,0.1054,4.57,,실적
회기,서울,1호선|경의중앙선,2,37.589702,127.057936,1766.84,704.71,2,555|557,B,3.0,24426,0.1073,4.62,,실적
회룡,경기,1호선|의정부,2,37.724545,127.047053,1910.29,253.53,1,565,C,2.0,12686,0.1485,,,실적
회현,서울,4호선,1,37.559698,126.979565,1245.92,1048.07,1,74,A,5.0,27467,0.1526,14.44,Y,실적
효자,경기,의정부,1,37.753985,127.077316,2196.65,203.11,1,369,E,1.0,,,,,
효창공원앞,서울,6호선|경의중앙선,2,37.539034,126.961844,1084.73,1283.08,1,591,C,2.0,10226,0.1216,6.51,,실적
흑석,서울,9호선,1,37.508889,126.963611,1214.79,1457.37,1,72,C,2.0,8436,0.1015,3.57,,실적
흥선,경기,의정부,1,37.743225,127.037176,1930.23,203.11,1,364,E,1.0,533,0.3026,,,실적
