역명,내국인,장기외국,단기외국,전체,단기비중,외국인비중
4.19민주묘지,4155.940705879211,143.25972014853508,81.95124487790295,4381.15167090565,1.87,5.14
가락시장,16541.831005701697,427.49239732445676,573.9065304442954,17543.229933470448,3.27,5.71
가산디지털단지,43454.501057339,2571.3246642276536,1617.0993722030355,47642.925093769685,3.39,8.79
가양,15025.41288839857,349.54174828948675,793.164073711663,16168.11871039972,4.91,7.07
가오리,6986.9308011332805,307.756687096502,175.19643813564028,7469.883926365423,2.35,6.47
가좌,3070.693480381036,150.504436503909,142.70240417327406,3363.9003210582187,4.24,8.72
가천대,6749.08709132071,477.18524030171614,256.23773353822054,7482.510065160647,3.42,9.8
강남,62003.06823029529,3074.1088429574943,2998.988107033139,68076.16518028593,4.41,8.92
강남구청,30631.348753747818,1320.985701905931,1652.3205753193813,33604.65503097313,4.92,8.85
강남대,6089.016393359245,148.9863909400178,338.7740341706629,6576.776818469925,5.15,7.42
강동,13260.19682890142,401.30939370203805,466.65573902171275,14128.161961625172,3.3,6.14
강동구청,6506.361600158062,167.26080957904887,210.322137210046,6883.9445469471575,3.06,5.48
강변,14051.425800290492,431.24998158299155,540.1053418318812,15022.781123705365,3.6,6.47
강일,6480.75156946137,84.54542584325439,852.7403200422797,7418.0373153469045,11.5,12.64
개롱,4158.7524693729765,71.6156131908826,152.87999103808104,4383.248073601941,3.49,5.12
개봉,8046.205692685295,236.66363005623984,216.80851870344344,8499.677841444978,2.55,5.34
개포동,6021.204649181414,136.70790192677285,204.761226747691,6362.673777855878,3.22,5.37
개화,7097.47019030598,222.73222276212573,1951.5204745623307,9271.722887630436,21.05,23.45
개화산,3330.2545033876368,86.44778402542819,619.8578882018401,4036.560175614905,15.36,17.5
거여,7411.631334149206,120.4637807224283,237.14038189545187,7769.235496767086,3.05,4.6
건대입구,32220.488122749848,3367.42081968384,3089.562452679812,38677.4713951135,7.99,16.69
경기광주,4211.031580753212,197.6538790864779,125.9898995346555,4534.675359374346,2.78,7.14
경기도청북부청사,6253.229000358458,254.80583951491755,289.07068345946635,6797.105523332842,4.25,8.0
경마공원,4759.721806657488,110.08624580795853,153.2450580849423,5023.053110550389,3.05,5.24
경복궁,18823.906266695078,723.5378367246084,1828.225864646268,21375.669968065955,8.55,11.94
경찰병원,8138.122918851302,179.08451199879758,276.24432703009916,8593.451757880199,3.21,5.3
계산,3989.971560858635,104.41870671393002,185.12327490674772,4279.5135424793125,4.33,6.77
계양,13826.786316171054,361.85098643503824,641.5233605661483,14830.16066317224,4.33,6.77
고덕,8374.9153261339,92.9704581150627,204.31672457845215,8672.202508827415,2.36,3.43
고려대,4796.788825242984,296.2673407258109,193.73530918448583,5286.791475153281,3.66,9.27
고속터미널,42155.80876960528,1576.5538856009737,2263.680751755994,45996.04340696225,4.92,8.35
공덕,50172.07602606348,1606.426596389831,3947.993861757617,55726.496484210926,7.08,9.97
공릉,5756.664107371334,172.065639299623,157.92457608479197,6086.654322755749,2.59,5.42
과천,7161.182229042054,165.62893781717145,230.56301002958526,7557.37417688881,3.05,5.24
관악,5843.039728761146,244.67034040312336,190.69236856558467,6278.402437729854,3.04,6.93
관악산,14067.93919667708,2044.9871438302898,643.6061464848175,16756.532486992186,3.84,16.05
광교중앙,16896.971407880243,506.390570297394,741.6992199339405,18145.061198111576,4.09,6.88
광나루,10865.922118716495,363.04587112525644,383.79606153988226,11612.764051381633,3.3,6.43
광명사거리,4772.397140699821,160.49829667068516,159.06227360105044,5091.957710971556,3.12,6.28
광운대,17817.701365009456,543.2402913384443,547.3200608162231,18908.26171716412,2.89,5.77
광화문,10591.009995066304,385.94157246062593,912.3786278893028,11889.330195416233,7.67,10.92
광흥창,5625.362211576932,269.45977419754576,389.10243350108067,6283.924419275559,6.19,10.48
교대,40150.578764723665,1492.5065099196277,1773.6297808613251,43416.71505550462,4.09,7.52
구래,6974.938862974779,254.39737040251478,295.25701239906107,7524.593245776355,3.92,7.3
구로,13942.263496297499,1549.9938196917965,938.561616826294,16430.81893281559,5.71,15.15
구로디지털단지,18604.237479394134,2280.1444756454366,695.867943574414,21580.249898613984,3.22,13.79
구룡,5682.348223055601,138.71269018433955,166.9571160558511,5988.018029295791,2.79,5.1
구리,11101.774072943273,212.3702298361548,269.4904985507068,11583.634801330136,2.33,4.16
구반포,4971.642354383804,272.1701261340689,230.01006963945298,5473.822550157325,4.2,9.17
구산,8954.062991282484,169.40766744871328,262.0968769041662,9385.567535635364,2.79,4.6
구의,17148.048316949604,890.4209871254484,792.2094163451354,18830.67872042019,4.21,8.94
구일,5350.321834669992,334.8621852665141,300.2907843593558,5985.474804295862,5.02,10.61
구파발,16182.187695247027,277.39249398391166,673.6563545439612,17133.2365437749,3.93,5.55
국제업무지구,5212.146014316314,259.4425102744085,206.65550601944224,5678.244030610165,3.64,8.21
국회의사당,10671.746246130075,319.2894628474185,681.6677560399628,11672.703465017456,5.84,8.58
군자,22258.811293324165,1187.1272072006484,817.8999083534574,24263.83840887827,3.37,8.26
군포,6692.7990949176665,220.9848390347987,321.4864904960376,7235.270424448503,4.44,7.5
굴포천,4564.630361198186,269.0131834597892,130.96694457910792,4964.610489237083,2.64,8.06
굽은다리,14653.688353452788,296.7301363801583,418.81650220433056,15369.234992037276,2.73,4.66
귤현,5643.290956819438,147.68655223063635,261.83256878984616,6052.81007783992,4.33,6.77
금곡,9118.128077724845,190.36690861396536,401.88569596281576,9710.380682301626,4.14,6.1
금정,5929.18219714678,147.60150834798975,157.28302493720685,6234.066730431976,2.52,4.89
금천구청,23550.413402307135,1007.4088644876256,780.1277090478657,25337.949975842625,3.08,7.05
금호,4937.76539362334,156.7344819286903,233.11274594010186,5327.612621492132,4.38,7.32
기흥,12867.790133656192,314.8498029136275,715.9240331811944,13898.563969751014,5.15,7.42
길동,15507.509413159009,344.94610011010514,505.85326170901624,16358.30877497813,3.09,5.2
길음,12400.01199807963,312.9921010728142,324.03736632571855,13037.041465478162,2.49,4.89
김포공항,18854.964547683783,524.6831395557523,1009.2610940348668,20388.908781274404,4.95,7.52
까치산,30935.321255957744,1086.7909293138039,897.6677077891791,32919.779893060724,2.73,6.03
낙성대,26019.752650329152,1248.3449134055288,842.8902581065682,28110.98782184125,3.0,7.44
남구로,11927.942364665289,1221.6935344099527,483.4287285043317,13633.064627579573,3.55,12.51
남동구청,8756.506458374337,352.6541156499074,225.1119400079879,9334.272514032233,2.41,6.19
남부터미널,26145.61626222145,781.9684550609795,941.6940303789812,27869.27874766141,3.38,6.18
남성,9780.951028660984,268.7792311281122,286.77615712935057,10336.506416918446,2.77,5.37
남영,4276.398353771834,210.16046406258945,597.9868942250497,5084.545712059473,11.76,15.89
남태령,11157.263991788102,360.0887520632712,326.7173209979804,11844.070064849355,2.76,5.8
남한산성입구,5290.49858216109,131.6887967216539,125.57665847718894,5547.764037359932,2.26,4.64
내방,8442.066355834362,256.4546528580744,311.58800496899875,9010.109013661435,3.46,6.3
노들,7173.493330408073,435.39994709047585,304.94832811857907,7913.841605617128,3.85,9.36
노량진,11307.069812383334,718.5339893992558,509.33465624560375,12534.938458028193,4.06,9.8
노원,24552.030176731852,355.34513983712276,803.3196955941269,25710.6950121631,3.12,4.51
녹번,10010.687203909427,155.19061160137446,269.43592938480674,10435.313744895608,2.58,4.07
녹사평,3748.576062320364,570.85096172289,518.3349786440125,4837.762002687266,10.71,22.51
녹천,7761.428255395207,120.67998048086729,278.9561174697464,8161.064353345821,3.42,4.9
논현,21299.147034751877,1222.3063558457493,1210.7043916926993,23732.157782290327,5.1,10.25
능길,7151.258395597679,1029.0800686116074,732.8127424246235,8913.15120663391,8.22,19.77
단대오거리,10551.023008510629,268.1966718949759,252.00261338798776,11071.222293793591,2.28,4.7
달월,3240.7624982357756,255.87175531986938,293.7226066985483,3790.356860254193,7.75,14.5
답십리,7823.948427801461,315.60235808059775,444.0094271481699,8583.560213030229,5.17,8.85
당곡,5541.139227181035,350.86823104336213,217.98025301148064,6109.987711235877,3.57,9.31
당산,19371.593810355625,702.3184257575558,749.9906986262646,20823.902934739446,3.6,6.97
당정,6217.736931124539,228.78213822619514,364.30769545778014,6810.826764808515,5.35,8.71
대공원,7178.579366892879,166.03131124814007,231.12313213519496,7575.733810276214,3.05,5.24
대림,25255.27804668383,5891.01448067536,1488.5927765013632,32634.885303860552,4.56,22.61
대모산입구,4617.790983688712,94.28048233179926,183.84295785127367,4895.9144238717845,3.76,5.68
대방,9579.235513238067,377.00349561124597,402.39070347600375,10358.629712325317,3.88,7.52
대야미,5973.7945425205135,252.26740545896524,440.7512907876808,6666.813238767159,6.61,10.4
대청,5221.947992514523,87.86010575461465,203.1232058843254,5512.931304153463,3.68,5.28
대치,12266.306092055725,334.1480636754952,519.4440822099684,13119.898237941188,3.96,6.51
대화,16547.266519221743,326.7028298708985,636.0969005433387,17510.06624963598,3.63,5.5
대흥,6338.6944283352495,352.59654769495376,475.28250134869444,7166.573477378898,6.63,11.55
도곡,19435.86067374154,536.0197131355395,650.9286467653764,20622.809033642454,3.16,5.76
도림천,3702.809063302954,155.67338689872207,174.13155716033594,4032.614007362012,4.32,8.18
도봉,5033.10572897373,82.42900455209187,144.50245015544817,5260.03718368127,2.75,4.31
도봉산,6272.002413638368,118.46669960567596,155.43636841298817,6545.905481657032,2.37,4.18
도화,7579.133469327542,353.1187473163078,164.84261888450067,8097.094835528351,2.04,6.4
독립문,9664.753579593667,229.96517783603696,526.7275597172878,10421.446317146992,5.05,7.26
독바위,10852.628048363471,211.47748075480993,336.7131353916949,11400.818664509976,2.95,4.81
독산,19621.030025439057,1046.1323975501218,732.7397341882937,21399.902157177472,3.42,8.31
돌곶이,6148.944205311197,255.32426323197834,193.18625891403562,6597.4547274572105,2.93,6.8
동대문,22862.994144750635,1424.3070547293337,2107.7917293781347,26395.092928858103,7.99,13.38
동대문역사문화공원,21115.321933096682,1636.0967807072743,3175.290394387607,25926.709108191564,12.25,18.56
동대입구,5857.724679872633,422.3212865709467,750.3298710172841,7030.375837460863,10.67,16.68
동묘앞,13594.2408515117,1047.7210165396973,1113.6442054517474,15755.606073503146,7.07,13.72
동수,8819.549403648442,519.7737547216348,253.04774900921691,9592.370907379292,2.64,8.06
동오,7237.327039393223,294.90575061474505,334.56300314240025,7866.795793150368,4.25,8.0
동작,15013.440766571153,675.4793647516091,607.8229924193091,16296.743123742071,3.73,7.87
동천,7519.203638690713,134.68775127559658,203.2130984158124,7857.104488382121,2.59,4.3
둔촌동,6416.926021348524,154.91762540511075,232.96351995684256,6804.807166710478,3.42,5.7
둔촌오륜,5246.130241969495,84.54164217707432,170.80847855187335,5501.480362698442,3.1,4.64
등촌,13556.0441533967,339.67103405157866,659.9462767135093,14555.661464161789,4.53,6.87
디지털미디어시티,27215.454572780418,670.5340468046816,1148.3779687095898,29034.366588294688,3.96,6.26
뚝섬,14349.437263132628,647.3900893353759,1647.6353600695124,16644.462712537515,9.9,13.79
뚝섬유원지,5528.456638567846,602.2379733388361,540.1556937551808,6670.850305661863,8.1,17.13
마곡,4456.1931758978335,83.95444074932543,194.21736134668785,4734.364977993847,4.1,5.88
마곡나루,27732.798192027185,694.4262015310583,1249.174316389442,29676.398709947687,4.21,6.55
마들,8236.128279479299,81.0778728684781,469.7180865739178,8786.924238921694,5.35,6.27
마산,5999.471821774329,217.89393825108718,249.3967920572434,6466.76255208266,3.86,7.23
마석,5580.362223933579,116.61107217999539,245.83116782422655,5942.8044639378,4.14,6.1
마장,4074.9889362790877,212.65691900483733,235.53059932122855,4523.176454605154,5.21,9.91
마천,5288.924476795054,87.50841268142034,211.61853933697049,5588.0514288134445,3.79,5.35
마포,5541.70275515298,173.7235904600481,427.51145005322485,6142.937795666253,6.96,9.79
마포구청,6833.609927854836,197.85089496319856,328.59398178762217,7360.054804605657,4.46,7.15
만수,5968.510078598264,240.3720768689291,153.43823351669434,6362.320388983888,2.41,6.19
망우,6735.637197167795,168.53333579200165,304.11169487231,7208.282227832107,4.22,6.56
망원,6636.506102704741,316.4670815627292,573.1680505920178,7526.141234859489,7.62,11.82
매교,9858.559130247128,858.6590062937179,345.8897995972585,11063.107936138103,3.13,10.89
매봉,9315.299960397842,271.80400581394593,346.6511476313389,9933.755113843128,3.49,6.23
먹골,4693.166126981164,114.52555676000796,234.8902892731108,5042.581973014283,4.66,6.93
면목,8521.876284996775,377.6276123459898,226.1414596185156,9125.64535696128,2.48,6.62
명동,18623.61821717807,1537.756667668149,4104.346964258786,24265.721849105008,16.91,23.25
명일,10486.77167115883,178.36791413290973,291.8418896236,10956.98147491534,2.66,4.29
명학,5283.762304725948,142.6920940898976,133.81476150630482,5560.269160322149,2.41,4.97
모란,26107.249359810663,1725.6961078902395,953.864489818232,28786.809957519134,3.31,9.31
모래내시장,5602.249902717177,225.62154147708932,144.0224306354657,5971.893874829732,2.41,6.19
목동,10189.843724819555,286.56500996873626,371.76476528513916,10848.17350007343,3.43,6.07
몽촌토성,5702.627384621467,174.47641420985326,270.8019322822259,6147.905731113546,4.4,7.24
무악재,8677.889474003157,183.76841043043768,278.5316718363224,9140.189556269917,3.05,5.06
문래,13751.947074729054,501.464839141843,668.988909987454,14922.400823858352,4.48,7.84
문산,6048.328319045657,141.28726944512547,369.5868206826758,6559.202409173458,5.63,7.79
문정,14081.19208666254,389.9947319667866,469.40977968544166,14940.596598314769,3.14,5.75
문학경기장,9456.255280785828,380.83536616546996,243.1010565215387,10080.191703472836,2.41,6.19
미금,5797.168463514428,103.84179251361817,156.67358168721339,6057.68383771526,2.59,4.3
미아,9988.536812897479,479.428947555535,248.9043326488836,10716.870093101898,2.32,6.8
미아사거리,16006.040744242007,501.57607605367406,347.27360644872067,16854.8904267444,2.06,5.04
박촌,6027.948243485156,157.7531443827569,279.67956733060197,6465.380955198515,4.33,6.77
반포,5197.726330359738,234.9592170417103,275.3609984854267,5708.046545886875,4.82,8.94
발곡,4480.156122114601,182.55687450241618,207.10608745506383,4869.819084072082,4.25,8.0
발산,3490.6114423140143,64.46612419688677,153.3391598648772,3708.4167263757786,4.13,5.87
방배,15621.839672825176,422.93768739277795,507.03694277209297,16551.814302990046,3.06,5.62
방학,7615.038868773586,134.74639010070973,351.4105489183106,8101.195807792606,4.34,6.0
방화,8639.620423494618,160.71270267620497,1243.8756020547214,10044.208728225543,12.38,13.98
백마,6643.441694327774,144.61036954896238,200.2853618253129,6988.33742570205,2.87,4.94
버티고개,2655.6136152289937,159.4467882293178,204.36403130618817,3019.4244347645,6.77,12.05
범계,17611.950253035287,392.3024952644124,407.46474759947887,18411.717495899178,2.21,4.34
보라매,12322.091156325334,486.8035050101845,348.59939783909476,13157.494059174613,2.65,6.35
보라매공원,4207.667769683538,265.45237021872845,131.05238806601182,4604.172527968279,2.85,8.61
보라매병원,4755.681386332534,258.669470042786,155.22057580476206,5169.571432180082,3.0,8.01
보문,10600.359715337656,694.921362444765,493.21989357189364,11788.500971354315,4.18,10.08
복정,7166.534351257567,166.605542141491,399.41844853657835,7732.558341935637,5.17,7.32
봉은사,23816.515609889626,1226.043326500145,1945.3993932211406,26987.958329610912,7.21,11.75
봉천,19891.057055544217,1128.4210108393352,615.0475518758822,21634.525618259435,2.84,8.06
봉화산,5966.222981874772,149.06083204832353,191.46197877023653,6306.745792693332,3.04,5.4
부개,6738.643587835433,397.13707799302756,193.34305112818447,7329.123716956645,2.64,8.06
부천,10846.09408095526,637.4297249898284,379.9548210715143,11863.478627016602,3.2,8.58
부천시청,6620.608646910463,341.59515650831213,226.34534152312256,7188.549144941898,3.15,7.9
부천종합운동장,22435.831720324568,1090.1418429849682,777.4798685330586,24303.453431842594,3.2,7.68
부평,31782.385990161638,1873.071893365074,911.8902638751017,34567.34814740181,2.64,8.06
부평구청,11930.85586115244,703.1363467875666,342.3163793571048,12976.308587297113,2.64,8.06
부평시장,8379.974796003855,493.86774367290707,240.4356120512837,9114.278151728045,2.64,8.06
북한산보국문,6016.506691062753,251.36082302116813,180.46303806804312,6448.330552151964,2.8,6.7
북한산우이,4324.396998599968,81.32410767212323,93.54859497726488,4499.269701249356,2.08,3.89
불광,18987.06197100737,363.9644467778221,650.314322566874,20001.34074035207,3.25,5.07
불암산,4997.840072911481,54.20678230640672,168.66162306896072,5220.708478286849,3.23,4.27
사가정,9666.692285014828,376.9939451222171,263.3050955265835,10306.991325663628,2.55,6.21
사당,27058.615305237872,827.8911656639949,1020.7009657183535,28907.20743662022,3.53,6.39
사릉,6640.461129967003,138.63855018347604,292.68138372067165,7071.781063871151,4.14,6.1
사평,6531.878850056898,353.9972026594786,367.90150088783577,7253.777553604213,5.07,9.95
산본,4975.307294276164,210.1022814819719,367.08211111196795,5552.491686870103,6.61,10.4
삼각지,20816.91740891901,1037.9594033852047,1806.9460234428964,23661.82283574711,7.64,12.02
삼성,20695.85085928049,892.6538689028588,1408.9490278139729,22997.453755997325,6.13,10.01
삼성중앙,16336.196031235331,796.6394600959802,1203.8627678350683,18336.69825916638,6.57,10.91
삼송,12381.193713534283,253.0089365676078,605.2911343497539,13239.493784451646,4.57,6.48
삼양,5367.633918789711,229.90525285143588,130.9902847899466,5728.529456431093,2.29,6.3
삼양사거리,7055.507809406883,255.32644545712154,168.17190218094493,7479.00615704495,2.25,5.66
삼전,11465.02619084444,380.35067160010817,497.47550530163716,12342.852367746187,4.03,7.11
상갈,3776.149875543888,92.39504466098238,210.0932965735201,4078.6382167783904,5.15,7.42
상계,11604.134384625984,138.4806236938912,262.84075596348674,12005.455764283362,2.19,3.34
상도,10430.623087858798,468.6428885097241,320.4402571448303,11219.706233513352,2.86,7.03
상록수,4606.068580145392,319.99270651138875,429.89674356086107,5355.958030217642,8.03,14.0
상봉,21403.205774434322,802.5132990321152,630.3790363950172,22836.098109861454,2.76,6.27
상수,5061.482115219451,329.49865333502686,583.2938315480358,5974.274600102513,9.76,15.28
상왕십리,5593.0765038120835,267.78807592993815,271.02110253694656,6131.885682278968,4.42,8.79
상월곡,6579.927766393556,302.8516110526859,189.07010191313645,7071.849479359379,2.67,6.96
상일동,10973.60420956998,143.90672304542892,569.7413149502829,11687.252247565692,4.87,6.11
새말,6879.962215075647,280.34389080309876,318.04294702356435,7478.349052902309,4.25,8.0
새절,10351.649875435505,235.25158070632096,332.11742699029764,10919.018883132125,3.04,5.2
샛강,11496.865440772615,380.2565094669413,689.4219618927991,12566.543912132354,5.49,8.51
서강대,2854.661003293801,206.15017070633587,254.28206002820164,3315.0932340283384,7.67,13.89
서대문,14093.766841589986,474.95858620969796,1069.3272714596872,15638.052699259371,6.84,9.88
서빙고,6605.510245698478,244.99307055809118,514.9899532613232,7365.493269517892,6.99,10.32
서울,53742.41382767665,2453.7646278542093,6559.251812016482,62755.430267547345,10.45,14.36
서울대벤처타운,9982.724832397362,649.343353406092,297.73645452493184,10929.804640328384,2.72,8.67
서울대입구,19402.903184409537,889.8775935669964,565.9544939050054,20858.735271881542,2.71,6.98
서울숲,10886.972632152203,467.6145145626792,1066.291001886578,12420.878148601461,8.58,12.35
서울지방병무청,3356.3173459199406,126.15799884603253,108.20140826949469,3590.6767530354678,3.01,6.53
서원,6916.42387511443,509.10931117825993,251.49722399069358,7677.030410283384,3.28,9.91
서초,18987.9493687316,583.7771003740269,768.0385548455373,20339.765023951164,3.78,6.65
서현,8456.42974463748,220.78437337368948,258.9651296713952,8936.179247682565,2.9,5.37
석계,7237.04548828622,276.54766109375515,252.768054821693,7766.3612042016675,3.25,6.82
석수,9040.748413275094,284.2982833096742,318.117301030458,9643.163997615226,3.3,6.25
석촌,19341.299933131104,594.4854234668401,695.2831627552305,20631.068519353175,3.37,6.25
석촌고분,7788.81223470843,225.36068257790475,290.8838716672814,8305.056788953616,3.5,6.22
선릉,47233.84692582098,1876.6825703724774,1976.3481647743847,51086.87766096784,3.87,7.54
선유도,7633.184981952558,200.84351175310283,360.2661955284249,8194.294689234086,4.4,6.85
선정릉,26655.998149220868,1174.5091791053724,1217.2363121763165,29047.743640502555,4.19,8.23
선학,9685.555814292451,390.07007377931467,248.99590604719364,10324.621794118959,2.41,6.19
성균관대,4573.023349317077,244.30210821750217,162.86807214500146,4980.193529679581,3.27,8.18
성남,5272.7228072990265,137.66268225912893,161.4690107701061,5571.854500328262,2.9,5.37
성복,11843.605405378548,212.14860717932368,320.083863463541,12375.837876021413,2.59,4.3
성수,24594.530306902594,1502.714251679287,4466.648261716701,30563.892820298584,14.61,19.53
성신여대입구,17927.028828241233,1183.144565286941,805.669149413273,19915.842542941446,4.05,9.99
센트럴파크,7547.318118875045,375.6792601784612,299.2423544278652,8222.23973348137,3.64,8.21
소사,19936.813582270304,1656.4014143204975,757.2844386572305,22350.49943524803,3.39,10.8
소새울,3546.0397380140835,294.6140421610117,134.6935758503708,3975.347356025466,3.39,10.8
솔밭공원,4583.065951369907,125.6017944719837,92.22375099709599,4800.891496838987,1.92,4.54
솔샘,7100.86430421677,214.55309927957822,167.95783203368092,7483.375235530029,2.24,5.11
송산,4936.0526827758495,201.13369391277104,228.18101216509965,5365.3673888537205,4.25,8.0
송파,5945.621300261212,164.41728161117015,198.89893213035396,6308.937514002737,3.15,5.76
송파나루,7903.0847961580785,259.080828160306,348.5618960198899,8510.727520338274,4.1,7.14
수내,11387.769882363433,297.3171555284017,348.732904228802,12033.819942120637,2.9,5.37
수락산,9717.9296045613,92.70616771170515,272.00719362041485,10082.64296589342,2.7,3.62
수리산,10146.592581927673,428.4805188181257,748.6236337305321,11323.69673447633,6.61,10.4
수서,24302.563392363976,449.5170072886791,1461.4088127701114,26213.489212422766,5.58,7.29
수원,19672.697695625306,1415.7198038734712,679.1631008861586,21767.580600384936,3.12,9.62
수원시청,4934.662051250008,229.48268865467594,204.74799339368127,5368.892733298365,3.81,8.09
수유,13111.064220512746,857.0128019180986,418.10245034696453,14386.17947277781,2.91,8.86
수지구청,11191.787769400084,200.47292237941025,302.46791797595233,11694.728609755446,2.59,4.3
수진,8677.43251146953,367.6738718656047,253.08387955377202,9298.190262888907,2.72,6.68
숙대입구,7631.830130315085,400.00004255677845,1192.0446339793616,9223.874806851225,12.92,17.26
숭실대입구,13484.921163335017,544.5162088406599,395.0679224485651,14424.505294624241,2.74,6.51
시민공원,4630.586333945145,215.7432445542884,100.71309356767696,4947.04267206711,2.04,6.4
시청,33860.17183627725,1296.8251457575225,3192.8796668625387,38349.87664889731,8.33,11.71
시흥능곡,4325.322420328908,341.5022978747842,392.02038927637943,5058.845107480071,7.75,14.5
시흥시청,5572.908236747337,440.0044167227206,505.09382748051945,6518.006480950577,7.75,14.5
신갈,2991.105299182845,73.18653041118893,166.41584508436318,3230.7076746783973,5.15,7.42
신금호,5165.246083217062,151.34843775752609,254.0621261147639,5570.656647089351,4.56,7.28
신길,17165.073676581425,899.048000817025,1057.705842245451,19121.8275196439,5.53,10.23
신내,21834.311000508147,348.33644564885617,1458.584488614825,23641.23193477183,6.17,7.64
신논현,31184.16717952702,1752.2775704766796,1685.4797808662972,34621.92453087,4.87,9.93
신답,2810.928562828554,168.67459137727138,286.5296844513467,3266.132838657172,8.77,13.94
신당,11265.673048119637,859.0921525596291,820.0976130658113,12944.862813745078,6.34,12.97
신대방,15118.751061912573,1655.885504322339,589.9081632533833,17364.544729488294,3.4,12.93
신대방삼거리,6609.92457403185,211.92006868754012,154.29235943243916,6976.13700215183,2.21,5.25
신도림,29726.921834147677,2510.8194402676418,1465.5895789300725,33703.33085334539,4.35,11.8
신림,29420.363463207086,2325.0392048449016,1304.6114216533422,33050.01408970533,3.95,10.98
신목동,10707.22179729344,229.15389742779786,458.8400622568097,11395.215756978047,4.03,6.04
신반포,10681.963923602441,450.96864549926005,590.6238802619008,11723.556449363603,5.04,8.88
신방화,4541.969740877288,93.10550283900359,201.65335621399612,4836.728599930288,4.17,6.09
신사,21548.42358180613,1181.3691503205253,1401.90623130212,24131.69896342878,5.81,10.7
신설동,13932.81651319165,1047.1054120728745,1096.961592386297,16076.883517650822,6.82,13.34
신용산,18227.508775214534,801.7695665340091,981.3820773844392,20010.660419132982,4.9,8.91
신이문,5216.63957752519,368.15448072651884,316.94355709197964,5901.737615343689,5.37,11.61
신정,10726.718233718031,296.31003059531656,380.8292226551068,11403.857486968454,3.34,5.94
신정네거리,9283.26120667524,171.37600696210094,362.81601560601626,9817.453229243358,3.7,5.44
신중동,15585.506421405713,802.211433876764,533.1367089318048,16920.85456421428,3.15,7.89
신촌,10757.325523618327,1023.1283770579543,1127.340694178009,12907.79459485429,8.73,16.66
신촌(경의),6510.6164331824575,738.0679793772058,790.8569231018852,8039.541335661549,9.84,19.02
신풍,5848.131311007768,809.0747657909925,280.04224089575297,6937.248317694513,4.04,15.7
신현,4851.4720770231315,383.0440141506873,439.7073298534517,5674.22342102727,7.75,14.5
신흥,9643.699143091391,300.2253536431159,247.597854735299,10191.522351469806,2.43,5.38
쌍문,13521.625141595472,445.89057836905977,321.83479659117705,14289.350516555709,2.25,5.37
아차산,10436.097764316883,381.29496100978696,361.9501161036262,11179.342841430296,3.24,6.65
아현,10252.151511878697,385.19356872028686,769.7778890398936,11407.122969638878,6.75,10.13
안국,21962.451132140097,926.9035709411841,2430.4973107777505,25319.852013859032,9.6,13.26
안암,4303.775056810497,305.972210780654,195.46006529911844,4805.207332890269,4.07,10.44
안양,11111.262762585784,432.3383288966749,346.41663291944894,11890.017724401907,2.91,6.55
암사,8491.264370940411,187.5676048303874,233.8324591140426,8912.66443488484,2.62,4.73
암사역사공원,6246.327240206508,103.81228868278467,178.56533110180985,6528.704859991102,2.74,4.33
압구정,24985.047383792524,1421.2924773320492,2691.3062213299995,29097.646082454572,9.25,14.13
압구정로데오,16724.92127023191,853.523652376614,1895.0944038742678,19473.53932648279,9.73,14.11
애오개,7703.676455761785,244.28148790692893,546.4937893132975,8494.451732982012,6.43,9.31
약수,11195.739525759089,538.4234933954937,826.3321942142501,12560.495213368833,6.58,10.87
양재,32879.73701504306,1131.2902251455691,1320.8886024190247,35331.91584260765,3.74,6.94
양재시민의숲,20549.442823129484,655.0632193613068,666.4663789743307,21870.97242146512,3.05,6.04
양천구청,6737.742947921464,95.89087647130903,770.4183128004431,7604.052137193216,10.13,11.39
양천향교,12133.383819612933,311.9398820181205,698.9565924051848,13144.280294036238,5.32,7.69
양촌,5728.515721913363,210.92060710093057,252.29019226030002,6191.726521274593,4.07,7.48
양평,21050.926804413823,520.4204900592019,631.5423028832308,22202.889597356254,2.84,5.19
어룡,5343.932940282219,217.7539506520514,247.03626675440552,5808.723157688676,4.25,8.0
어린이대공원,8779.037955800064,832.1928094230428,545.358583818463,10156.58934904157,5.37,13.56
어정,3679.541816006731,90.03123330027445,204.7183230230307,3974.291372330036,5.15,7.42
언주,11855.319718825804,596.4415246391919,554.552789368342,13006.31403283334,4.26,8.85
여의나루,28081.99353602708,810.9208117076445,1824.5718263422,30717.486174076923,5.94,8.58
여의도,32896.176480491136,968.0282814305583,2126.165322468995,35990.37008439069,5.91,8.6
역삼,41359.909172224485,1970.9347028882,1869.7372881273748,45200.58116324006,4.14,8.5
역촌,9269.685334328884,165.9190346248567,276.17610847134944,9711.780477425089,2.84,4.55
연신내,23549.95969325265,447.15391304067043,730.1657785399935,24727.279384833317,2.95,4.76
염창,10505.085065038471,223.77894367962136,451.19411044874704,11180.058119166839,4.04,6.04
영등포,10085.210676504092,636.6246116091331,614.4482441286727,11336.283532241898,5.42,11.04
영등포구청,27873.405116819995,845.3978550528038,1325.8318097178064,30044.634781590605,4.41,7.23
영등포시장,9949.202889251463,392.8829827610346,566.3515368251168,10908.437408837615,5.19,8.79
오금,15306.811687724998,290.17572738335315,628.973107950713,16225.960523059064,3.88,5.66
오남,7237.266446287554,151.09856194728,318.98585299981335,7707.350861234648,4.14,6.1
오류동,8689.2426944173,336.53414197110135,365.45869336114396,9391.235529749547,3.89,7.47
오리,3909.847232855746,70.03514692895729,105.6670637875496,4085.5494435722526,2.59,4.3
오목교,14293.381168048658,486.57677863368633,480.98397132191775,15260.94191800426,3.15,6.34
옥수,12280.787815700105,534.7966530328813,709.1921863619878,13524.776655094975,5.24,9.2
온수,5816.256575928629,214.0841509859032,226.6817000834253,6257.022426997957,3.62,7.04
올림픽공원,10745.06968453617,179.2388683221286,314.3680541205845,11238.676606978885,2.8,4.39
왕십리,40389.44880989407,2171.7642734436995,2287.678125834314,44848.891209172085,5.1,9.94
외대앞,5562.762995382314,644.4353461990513,341.5759240561938,6548.774265637559,5.22,15.06
용답,9696.682750322248,595.2018535133961,1568.9564549894676,11860.841058825112,13.23,18.25
용마산,9835.216603639135,321.1298902992127,312.3664487250173,10468.712942663366,2.98,6.05
용산,9535.416466581479,407.7470806921194,508.6482095944618,10451.81175686806,4.87,8.77
우장산,20441.60093403169,334.8429515020384,727.4080446350199,21503.85193016875,3.38,4.94
운양,4660.191451189827,162.86924159031219,190.67699274242412,5013.737685522563,3.8,7.05
운천,4601.361762508108,107.48653261874506,281.1690395941563,4990.017334721008,5.63,7.79
원당,9217.353618241483,188.35605765295514,450.6174894258709,9856.327165320308,4.57,6.48
원종,8481.90256687643,299.397562050586,309.9846745502611,9091.284803477278,3.41,6.7
원흥,14502.530469996847,296.35832349042676,708.9989319471246,15507.887725434399,4.57,6.48
월계,5545.3483835234865,73.14581136148826,140.75896098868125,5759.2531558736555,2.44,3.71
월곡,7005.844774860119,355.06494596271597,228.8708109655595,7589.780531788395,3.02,7.69
월곶,2864.1470289765193,226.13638864229208,259.58851713967255,3349.871934758484,7.75,14.5
월드컵경기장,6509.142592815545,164.78358225260732,260.15041759721976,6934.076592665372,3.75,6.13
월롱,3935.8121735782206,91.93947909585252,240.50022275683372,4268.251875430907,5.63,7.79
을지로3가,29968.677587587055,1949.5927925845306,5130.283924464011,37048.554304635596,13.85,19.11
을지로4가,15900.153957442059,848.9519966740988,2161.4320796065017,18910.538033722656,11.43,15.92
을지로입구,21803.21007987221,1613.2403196061464,4352.280981109035,27768.73138058739,15.67,21.48
응봉,5201.053028375187,154.4201481578276,273.6645201221685,5629.1376966551825,4.86,7.6
응암,11830.618204389533,190.7519620651172,346.962031111638,12368.332197566288,2.81,4.35
이대,13097.395836551748,1192.496691208776,1414.5253684645834,15704.417896225108,9.01,16.6
이매,15097.381492755721,394.1694087360389,462.33404332948925,15953.88494482125,2.9,5.37
이수,5076.437463356281,153.24113233371153,175.62919976768785,5405.307795457681,3.25,6.08
이촌,18661.65400744252,789.3852776678816,970.4905128065601,20421.529797916963,4.75,8.62
이태원,5467.3180970363655,813.6981768033169,737.8318223388827,7018.848096178564,10.51,22.11
인덕원,8009.778446398242,177.90831474234574,186.3804970044917,8374.067258145078,2.23,4.35
인천대입구,8698.097025768664,432.96103385772045,344.86939493428815,9475.927454560673,3.64,8.21
인천터미널,8589.96246523194,345.94682605928904,220.83043327111943,9156.739724562349,2.41,6.19
인하대,3108.3631014729626,144.82147451795072,67.60544805872298,3320.7900240496365,2.04,6.4
일산,8304.943752393492,175.723957343212,271.0829941714369,8751.750703908141,3.1,5.11
일원,8314.354961103141,125.85321275206421,439.1163961209162,8879.324569976123,4.95,6.36
임진강,3076.0979664099077,71.8567940254168,187.9668575420964,3335.921617977421,5.63,7.79
임학,4822.407627979985,126.20379871898085,223.74592886442025,5172.357355563386,4.33,6.77
자양,11823.991912428548,1274.9986399108484,1136.6916166055964,14235.682168944993,7.98,16.94
잠실,39634.885014950676,1369.6479171147753,2496.3772188614053,43500.91015092685,5.74,8.89
잠실나루,17035.946432706278,548.7398289095665,934.8219521170718,18519.508213732915,5.05,8.01
잠실새내,15150.496564092322,489.22389415193106,832.4395678715496,16472.160026115802,5.05,8.02
잠원,5936.3216711592,257.4518839443499,321.592839946662,6515.366395050212,4.94,8.89
장기,4743.4843781585905,171.84999020051288,195.07296184923084,5110.407330208334,3.82,7.18
장승배기,8816.115188442333,375.04097873720065,258.87969306256355,9450.035860242097,2.74,6.71
장지,14935.563361386405,386.2966921242554,516.930347455658,15838.790400966318,3.26,5.7
장한평,13367.500326800506,591.1852812169831,856.370461275781,14815.05606929327,5.78,9.77
정릉,7244.518707728335,179.50146668517425,213.7250074037218,7637.745181817231,2.8,5.15
정발산,3958.8929717947244,85.04776377799378,123.97042968830823,4167.911165261026,2.97,5.01
정부과천청사,4962.29315560685,114.77146066293126,159.7670901273759,5236.831706397157,3.05,5.24
정왕,8561.79778211932,1232.059444878398,877.3553080758929,10671.21253507361,8.22,19.77
정자,44391.66329598397,1158.9980476139804,1359.4262814118867,46910.08762500984,2.9,5.37
제기동,3180.500016339547,243.72569618212742,153.39602593150371,3577.6217384531783,4.29,11.1
제물포,5950.415397083398,277.2352854760043,129.41876026797453,6357.069442827377,2.04,6.4
종각,20974.40498761095,1278.277355874028,3344.5319836401673,25597.214327125144,13.07,18.06
종로3가,69088.51331547693,2625.774349470802,6174.416469888702,77888.70413483643,7.93,11.3
종로5가,16163.195500925864,701.8801976012325,1534.9971826171704,18400.072881144268,8.34,12.16
종합운동장,29433.486967657052,824.4724089529235,1210.3871927344717,31468.346569344445,3.85,6.47
주안,10342.36964366194,481.860443232984,224.94171720715957,11049.171804102083,2.04,6.4
주엽,7257.910781089233,148.14689515476775,259.1296752142431,7665.187351458244,3.38,5.31
죽전,4288.277490160484,76.81377972309394,115.89447466993123,4480.985744553509,2.59,4.3
중계,11934.205964704326,133.3871786347848,345.77626063817394,12413.369403977285,2.79,3.86
중곡,11351.3960727018,357.39597045010527,346.7513593200467,12055.543402471953,2.88,5.84
중동,6587.82581069639,340.568595651114,225.12161407446519,7153.51602042197,3.15,7.91
중랑,6192.9735123920545,324.68604865758647,240.00487920193493,6757.664440251576,3.55,8.36
중앙,4067.8868382491423,282.6041550411111,379.66679707625906,4730.157790366513,8.03,14.0
중앙보훈병원,5907.848181214087,95.81525712074347,272.97869720358955,6276.642135538421,4.35,5.88
중화,3739.5018686547814,126.96682366354626,140.45596288459504,4006.9246552029226,3.51,6.67
증미,12135.044476996216,282.19875770422885,523.4263854950306,12940.669620195476,4.04,6.23
증산,8861.865354459725,310.4320855140275,275.6378711708318,9447.935311144583,2.92,6.2
지석,5069.916482251097,124.05099777390878,282.07446796722826,5476.041947992233,5.15,7.42
지식정보단지,8081.610928133547,402.27449892941826,320.42644070568383,8804.311867768649,3.64,8.21
지축,18407.59676378436,363.2072146833394,874.6237382937328,19645.42771676143,4.45,6.3
창동,25132.33231337714,375.39166907401784,1085.764587695681,26593.48857014684,4.08,5.49
창신,4902.584326462603,285.6716678147485,331.22085918062356,5519.476853457975,6.0,11.18
천마산,9114.768469293453,190.3735865146284,401.6456273377191,9706.7876831458,4.14,6.1
천왕,9384.008690720217,407.40591091387995,804.6758522074492,10596.090453841545,7.59,11.44
천호,25083.806855807168,870.1079334271359,797.5634814201628,26751.478270654465,2.98,6.23
철산,7003.234499961341,218.54076635149931,234.30239326457448,7456.077659577414,3.14,6.07
청계산입구,18920.548032398154,588.3815282463281,518.4308615903184,20027.3604222348,2.59,5.53
청구,8983.236266034362,524.0636746685376,695.8848455116013,10203.1847862145,6.82,11.96
청담,18369.936199494692,848.2214492989356,1404.5081448118253,20622.665793605454,6.81,10.92
청량리,23844.34613910964,1009.460240404237,1189.98514299062,26043.791522504496,4.57,8.45
청명,4231.850600808753,126.4824384797394,185.84242765795645,4544.175466946449,4.09,6.87
초월,4722.911988214296,221.68009361915384,141.3048549970045,5085.896936830454,2.78,7.14
총신대입구,15067.021636179084,461.0525264823913,530.5693830795736,16058.64354574105,3.3,6.18
춘의,13440.23909315216,684.6952936491965,460.85175535926663,14585.786142160623,3.16,7.85
충무로,17765.933188931653,1191.005797244096,2608.1746964686986,21565.113682644445,12.09,17.62
충정로,20668.230256678584,688.4906260710977,1484.8170985045645,22841.537981254245,6.5,9.51
캠퍼스타운,9747.950869103484,485.21910870594587,386.49487446707377,10619.664852276504,3.64,8.21
태릉입구,9245.652970267774,237.87416113810707,408.6246063198671,9892.151737725748,4.13,6.54
태평,8915.690074365342,630.3720270646429,338.495590095805,9884.55769152579,3.42,9.8
테크노파크,9440.667043802943,469.9235880540455,374.31142944564664,10284.902061302635,3.64,8.21
파주,5061.743940861525,118.24093242140266,309.3009756633033,5489.2858489462305,5.63,7.79
판교,40200.312776960345,1049.56833248876,1231.0726305883202,42480.953740037425,2.9,5.37
평내호평,12108.841701467538,252.80657849449926,533.7027768217206,12895.351056783758,4.14,6.1
평촌,21619.2527796808,476.64300339522833,498.7491245076732,22594.6449075837,2.21,4.32
풍산,11526.97921475396,250.91222302018684,347.51342888295875,12125.404866657105,2.87,4.94
하계,9272.750482985723,180.77497145936448,200.81252885921987,9654.337983304307,2.08,3.95
하남검단산,5476.594961465602,135.39224473024566,164.3016208292305,5776.288827025078,2.84,5.19
하남시청,6865.906377615756,169.73876708317636,205.98192019702185,7241.627064895955,2.84,5.19
하남풍산,4091.485896202636,101.14624132898702,122.757024107814,4315.389161639437,2.84,5.19
학동,11850.347553820087,606.5544150227863,593.5032087736099,13050.405177616485,4.55,9.2
학여울,12393.679351460409,326.10545781551247,566.830922395282,13286.615731671203,4.27,6.72
한강진,5941.514376636866,615.5927791752256,689.9653123617042,7247.072468173796,9.52,18.01
한남,4424.866628637506,350.97260886761296,413.5681585288495,5189.407396033968,7.97,14.73
한대앞,9276.010717545507,644.4228355458707,865.7549776609244,10786.188530752303,8.03,14.0
한성대입구,15939.42521593112,994.4315402260829,876.9459900452266,17810.80274620243,4.92,10.51
한성백제,5689.723137744933,183.38089902935184,262.5488064742149,6135.6528432485,4.28,7.27
한양대,6744.352005917433,416.1847157802983,520.3542623369246,7680.890984034657,6.77,12.19
한티,9643.723510112715,321.00216057255795,378.5922097219672,10343.31788040724,3.66,6.76
합정,29540.92791426869,1793.3386899001541,3221.764556116313,34556.03116028516,9.32,14.51
행당,4921.652251124856,157.68243820385055,197.75659355758302,5277.091282886289,3.75,6.74
혜화,31319.24033256022,1644.5142848462572,2175.6230208572256,35139.3776382637,6.19,10.87
홍대입구,70180.60845442567,5950.1488704523235,11085.680073827441,87216.43739870544,12.71,19.53
홍제,9880.216745761469,236.9925683847628,303.74496524707814,10420.95427939331,2.91,5.19
화계,6024.378680211272,289.88509062377153,152.97800325196107,6467.241774087004,2.37,6.85
화곡,15648.020287526444,407.80412662678515,474.0976533714646,16529.922067524694,2.87,5.34
화랑대,6084.693834375856,171.57383770446413,205.1232143378394,6461.390886418159,3.17,5.83
화서,5961.185098038724,356.93091294335613,207.78329029939545,6525.899301281475,3.18,8.65
화정,5047.371845877477,103.14273508141474,246.7556441457279,5397.27022510462,4.57,6.48
회기,17545.447456742906,2098.341672712656,952.2271049319133,20596.016234387476,4.62,14.81
회현,21327.91799226205,1420.804976338424,3839.8865526047034,26588.609521205177,14.44,19.79
효창공원앞,9372.412014615053,337.2636669327963,676.0830975870766,10385.758779134925,6.51,9.76
흑석,8707.337807363263,672.9945466848881,346.87482820861413,9727.207182256765,3.57,10.48
