역명,등급
4.19민주묘지,D
가능,D
가락시장,B
가산디지털단지,S
가양,B
가오리,D
가재울,E
가정,E
가정중앙시장,E
가좌,D
가천대,D
가평,D
간석,D
간석오거리,E
갈매,D
갈산,E
강남,S
강남구청,B
강남대,C
강동,B
강동구청,C
강매,D
강변,B
강일,D
개롱,D
개봉,B
개포동,D
개화,E
개화산,D
거여,C
건대입구,S
걸포북변,E
검단사거리,E
검단오류,E
검단호수공원,E
검바위,E
검암,D
경기광주,C
경기도청북부청사,D
경마공원,D
경복궁,B
경인교대입구,D
경전철의정부,E
경찰병원,D
계산,D
계양,C
고덕,C
고려대,D
고색,D
고속터미널,S
고잔,C
고진,E
고촌,E
곡산,E
곤제,E
곤지암,E
공덕,A
공릉,C
공항시장,D
공항화물청사,E
과천,D
관악,D
관악산,D
광교,E
광교중앙,B
광나루,C
광명,D
광명사거리,B
광운대,D
광화문,A
광흥창,C
교대,A
구래,C
구로,B
구로디지털단지,S
구룡,D
구리,D
구반포,D
구산,D
구성,D
구의,A
구일,C
구파발,B
국수,E
국제업무지구,D
국회의사당,B
군자,B
군포,D
굴포천,C
굽은다리,C
귤현,C
금곡,E
금릉,D
금정,A
금천구청,C
금촌,D
금호,D
기흥,C
길동,C
길음,B
김량장,E
김포공항,A
까치산,B
까치울,E
낙성대,A
남구로,C
남동구청,C
남동인더스파크,E
남부터미널,A
남성,C
남영,C
남위례,D
남태령,E
남한산성입구,C
내방,C
노들,D
노량진,A
노원,A
녹번,C
녹사평,D
녹양,D
녹천,D
논현,B
능곡,D
능길,D
다산,E
단대오거리,C
달미,E
달월,E
답십리,C
당고개,D
당곡,D
당산,A
당정,D
대곡,C
대공원,D
대림,A
대모산입구,D
대방,C
대성리,E
대야미,D
대청,C
대치,C
대화,C
대흥,C
덕계,D
덕소,D
덕정,D
도곡,C
도농,C
도림천,E
도봉,D
도봉산,B
도심,D
도원,D
도화,D
독립문,D
독바위,D
독산,B
독정,E
돌곶이,C
동대문,A
동대문역사문화공원,A
동대입구,C
동두천,E
동두천중앙,D
동막,E
동묘앞,B
동백,E
동수,C
동암,C
동오,C
동인천,C
동작,D
동천,C
동춘,E
둔전,E
둔촌동,C
둔촌오륜,D
등촌,C
디지털미디어시티,A
뚝섬,B
뚝섬유원지,B
마곡,B
마곡나루,A
마두,D
마들,C
마산,D
마석,D
마장,D
마전,E
마천,D
마포,C
마포구청,C
만수,C
망우,D
망원,B
망월사,D
망포,C
매교,D
매봉,C
매탄권선,D
먹골,C
면목,C
명동,A
명일,D
명지대,E
명학,D
모란,B
모래내시장,D
목동,B
몽촌토성,C
무악재,D
문래,B
문산,D
문정,B
문학경기장,C
미금,C
미사,B
미아,C
미아사거리,B
박촌,C
반월,D
반포,D
발곡,D
발산,B
방배,B
방이,D
방학,C
방화,D
백마,D
백석,C
백운,D
버티고개,E
범계,A
범골,E
별내,D
별내별가람,E
병점,C
보라매,C
보라매공원,D
보라매병원,C
보문,C
보산,E
보정,E
보평,E
복정,C
봉은사,B
봉천,B
봉화산,D
부개,D
부발,D
부천,A
부천시청,C
부천종합운동장,D
부평,A
부평구청,C
부평삼거리,E
부평시장,B
북한산보국문,D
북한산우이,D
불광,B
불암산,C
사가정,B
사당,S
사릉,E
사리,D
사우,E
사평,D
산곡,E
산본,B
산성,D
삼가,E
삼각지,C
삼동,E
삼산체육관,E
삼성,S
삼성중앙,D
삼송,B
삼양,D
삼양사거리,D
삼전,C
상갈,D
상계,B
상도,C
상동,E
상록수,C
상봉,B
상수,C
상왕십리,C
상월곡,D
상일동,C
상천,E
상현,D
새말,D
새절,C
샛강,C
서강대,E
서구청,E
서대문,B
서동탄,E
서부여성회관,E
서빙고,E
서울,S
서울대벤처타운,C
서울대입구,A
서울숲,C
서울지방병무청,D
서원,D
서정리,C
서초,B
서현,B
석계,B
석남,E
석바위시장,E
석수,D
석천사거리,E
석촌,B
석촌고분,D
선릉,S
선바위,D
선부,E
선유도,C
선정릉,B
선학,C
성균관대,C
성남,E
성복,B
성수,S
성신여대입구,B
세류,D
세마,D
세종대왕릉,E
센트럴파크,C
소래포구,D
소사,D
소새울,B
소요산,E
솔밭공원,D
솔샘,D
송내,B
송도,D
송도달빛축제공원,E
송산,D
송정,D
송탄,D
송파,C
송파나루,D
수내,C
수락산,C
수리산,D
수색,D
수서,A
수원,A
수원시청,C
수유,A
수지구청,B
수진,D
숙대입구,C
숭실대입구,C
숭의,D
시민공원,D
시우,E
시청,S
시청·용인대,E
시흥능곡,D
시흥대야,E
시흥시청,D
신갈,D
신검단중앙,E
신금호,D
신길,C
신내,D
신논현,A
신답,E
신당,B
신대방,B
신대방삼거리,C
신도림,S
신둔도예촌,E
신림,S
신목동,D
신반포,D
신방화,D
신사,B
신설동,B
신연수,E
신용산,B
신원,E
신이문,C
신정,C
신정네거리,C
신중동,A
신천,E
신촌,A
신촌(경의),B
신포,E
신풍,C
신현,D
신흥,D
쌍문,A
아라,E
아시아드경기장,E
아신,E
아차산,C
아현,C
안국,B
안산,C
안암,C
안양,B
암사,B
암사역사공원,D
압구정,A
압구정로데오,B
애오개,D
야당,D
야목,E
야탑,B
약수,B
양수,E
양원,D
양재,A
양재시민의숲,A
양정,E
양주,D
양천구청,D
양천향교,C
양촌,C
양평,C
어룡,D
어린이대공원,C
어정,D
어천,E
언주,C
여의나루,C
여의도,S
여주,D
역곡,B
역삼,A
역촌,D
연수,D
연신내,A
연천,E
염창,B
영등포,A
영등포구청,A
영등포시장,C
영종,D
영통,C
예술회관,E
오금,C
오남,D
오류동,C
오리,C
오목교,B
오목천,D
오빈,E
오산,C
오산대,D
오이도,D
옥수,C
온수,C
올림픽공원,B
완정,E
왕길,E
왕십리,A
외대앞,C
용답,D
용두,E
용마산,D
용문,E
용산,S
용유,E
용인중앙시장,E
우장산,C
운길산,E
운서,C
운양,D
운연,E
운정,D
운천,E
워터파크,E
원당,C
원덕,E
원시,C
원인재,D
원종,D
원흥,C
월계,D
월곡,C
월곶,D
월드컵경기장,D
월롱,E
을지로3가,A
을지로4가,B
을지로입구,S
응봉,E
응암,B
의왕,C
의정부,B
의정부시청,E
의정부중앙,E
이대,B
이매,D
이수,B
이천,D
이촌,B
이태원,C
인덕원,B
인천,D
인천가좌,E
인천공항1터미널,C
인천공항2터미널,C
인천국제공항,E
인천논현,D
인천대공원,E
인천대입구,C
인천시청,E
인천터미널,C
인하대,D
일산,C
일원,C
임진강,E
임학,D
자양,C
작전,E
잠실,S
잠실나루,C
잠실새내,B
잠원,D
장기,D
장기주차장,E
장승배기,C
장암,E
장지,B
장한평,B
전곡,E
전대·에버랜드,E
정릉,D
정발산,D
정부과천청사,C
정왕,C
정자,B
제기동,B
제물포,C
종각,A
종로3가,S
종로5가,B
종합운동장,B
주안,B
주안국가산단,E
주엽,C
죽전,C
중계,C
중곡,C
중동,C
중랑,D
중앙,B
중앙보훈병원,C
중화,C
증미,D
증산,C
지석,D
지식정보단지,C
지축,D
지평,E
지행,D
진위,E
진접,E
창동,A
창신,D
천마산,E
천왕,C
천호,A
철산,B
청계산입구,B
청구,D
청담,B
청라국제도시,D
청량리,A
청명,D
청산,E
청평,E
초당,E
초월,D
초지,D
총신대입구,B
춘의,B
충무로,A
충정로,C
캠퍼스타운,C
탄현,D
탑석,E
태릉입구,C
태평,C
테크노파크,C
퇴계원,D
파라다이스시티,E
파주,E
판교,D
팔당,E
평내호평,D
평촌,B
평택,C
평택지제,D
풍무,E
풍산,D
하계,B
하남검단산,D
하남시청,C
하남풍산,D
학동,B
학여울,E
한강진,C
한국항공대,E
한남,D
한대앞,C
한성대입구,C
한성백제,D
한양대,C
한티,B
합동청사,E
합정,A
행당,D
행신,D
혜화,A
호구포,D
홍대입구,S
홍제,B
화계,D
화곡,B
화랑대,C
화서,C
화정,B
회기,B
회룡,C
회현,A
효자,E
효창공원앞,C
흑석,C
흥선,E
