지역코드,역명,가중치
11110515,경복궁,0.767298
11110515,독립문,0.07703
11110515,안국,0.073961
11110515,광화문,0.046035
11110515,무악재,0.022787
11110515,종각,0.01289
11110530,경복궁,0.453121
11110530,광화문,0.229356
11110530,서대문,0.116443
11110530,독립문,0.085963
11110530,용답,0.044472
11110530,종각,0.070644
11110540,안국,0.60693
11110540,경복궁,0.264091
11110540,혜화,0.028706
11110540,광화문,0.017332
11110540,종각,0.025288
11110540,종로3가,0.057652
11110550,녹번,0.014038
11110550,독립문,0.007253
11110550,무악재,0.406731
11110550,홍제,0.571978
11110560,녹번,0.494316
11110560,독바위,0.505684
11110570,독립문,0.69497
11110570,무악재,0.202664
11110570,경복궁,0.063977
11110570,서대문,0.026284
11110570,광화문,0.006881
11110570,홍제,0.005225
11110580,서대문,0.284357
11110580,독립문,0.266619
11110580,경복궁,0.124531
11110580,광화문,0.076231
11110580,충정로,0.120212
11110580,시청,0.12805
11110600,안국,0.510465
11110600,종로3가,0.296463
11110600,혜화,0.067517
11110600,경복궁,0.0528
11110600,종각,0.05742
11110600,광화문,0.015336
11110615,안국,0.155871
11110615,종로3가,0.615468
11110615,종각,0.094414
11110615,을지로3가,0.086508
11110615,종로5가,0.0251
11110615,을지로입구,0.022638
11110630,종로5가,0.203588
11110630,동대문,0.309676
11110630,을지로4가,0.135841
11110630,동대문역사문화공원,0.21462
11110630,혜화,0.044181
11110630,동묘앞,0.092095
11110640,혜화,0.482767
11110640,종로5가,0.126395
11110640,한성대입구,0.108355
11110640,창신,0.05661
11110640,동대문,0.165102
11110640,동묘앞,0.060771
11110650,혜화,0.528529
11110650,한성대입구,0.404515
11110650,안국,0.018242
11110650,창신,0.005304
11110650,성신여대입구,0.023762
11110650,종로3가,0.019648
11110670,동묘앞,0.297041
11110670,동대문,0.272375
11110670,신당,0.127376
11110670,창신,0.030096
11110670,동대문역사문화공원,0.110283
11110670,신설동,0.162829
11110680,동대문,0.391296
11110680,동묘앞,0.309553
11110680,창신,0.086614
11110680,종로5가,0.072089
11110680,혜화,0.049647
11110680,동대문역사문화공원,0.090801
11110690,창신,0.146923
11110690,동묘앞,0.243689
11110690,동대문,0.172957
11110690,보문,0.150991
11110690,신설동,0.243125
11110690,혜화,0.042314
11110700,창신,0.089558
11110700,동묘앞,0.245304
11110700,신설동,0.423758
11110700,동대문,0.115307
11110700,보문,0.093952
11110700,신당,0.032122
11110710,신설동,0.575064
11110710,동묘앞,0.218888
11110710,창신,0.033766
11110710,동대문,0.07219
11110710,신당,0.072635
11110710,보문,0.027457
11140520,시청,0.566737
11140520,용답,0.078343
11140520,회현,0.11326
11140520,서대문,0.081869
11140520,광화문,0.074301
11140520,을지로입구,0.085491
11140540,회현,0.094719
11140540,서울,0.740089
11140540,시청,0.125263
11140540,용답,0.008943
11140540,명동,0.016651
11140540,을지로입구,0.014335
11140550,을지로입구,0.22098
11140550,명동,0.203635
11140550,회현,0.162502
11140550,용답,0.064282
11140550,종각,0.136677
11140550,을지로3가,0.211924
11140570,충무로,0.517603
11140570,명동,0.186978
11140570,동대입구,0.05874
11140570,을지로3가,0.118517
11140570,을지로4가,0.089174
11140570,회현,0.028989
11140580,동대입구,0.218741
11140580,약수,0.276722
11140580,충무로,0.225915
11140580,버티고개,0.051019
11140580,청구,0.084017
11140580,동대문역사문화공원,0.143586
11140590,동대문역사문화공원,0.449113
11140590,을지로4가,0.209293
11140590,종로5가,0.079536
11140590,동대입구,0.048853
11140590,충무로,0.117068
11140590,동대문,0.096136
11140605,을지로4가,0.265065
11140605,을지로3가,0.215076
11140605,충무로,0.174799
11140605,종로5가,0.066873
11140605,종로3가,0.241916
11140605,명동,0.036272
11140615,신당,0.264796
11140615,동대문역사문화공원,0.29867
11140615,청구,0.154439
11140615,동대문,0.153165
11140615,동묘앞,0.112119
11140615,동대입구,0.016811
11140625,약수,0.483947
11140625,동대입구,0.158817
11140625,버티고개,0.067476
11140625,청구,0.194608
11140625,금호,0.057615
11140625,신금호,0.037537
11140635,버티고개,0.167909
11140635,약수,0.425036
11140635,금호,0.205334
11140635,동대입구,0.053694
11140635,신금호,0.051863
11140635,옥수,0.096165
11140645,청구,0.35223
11140645,약수,0.312735
11140645,신금호,0.124147
11140645,동대입구,0.060634
11140645,금호,0.053617
11140645,신당,0.096638
11140650,신당,0.451403
11140650,상왕십리,0.176784
11140650,청구,0.189098
11140650,행당,0.060014
11140650,신금호,0.046658
11140650,동묘앞,0.076042
11140665,청구,0.363759
11140665,신당,0.32496
11140665,신금호,0.101445
11140665,상왕십리,0.061262
11140665,약수,0.103219
11140665,행당,0.045356
11140670,신당,0.315647
11140670,동묘앞,0.200296
11140670,상왕십리,0.068428
11140670,신설동,0.274208
11140670,동대문,0.089877
11140670,청구,0.051544
11140680,충정로,0.193645
11140680,서울,0.676071
11140680,아현,0.030718
11140680,애오개,0.027036
11140680,서대문,0.022935
11140680,시청,0.049596
11170510,서울,0.830666
11170510,숙대입구,0.080419
11170510,회현,0.048345
11170510,남영,0.012065
11170510,명동,0.013364
11170510,시청,0.015141
11170520,녹사평,0.347083
11170520,이태원,0.172727
11170520,삼각지,0.397465
11170520,남영,0.037005
11170520,숙대입구,0.032801
11170520,한강진,0.012919
11170530,숙대입구,0.258968
11170530,남영,0.126695
11170530,삼각지,0.220094
11170530,서울,0.340123
11170530,효창공원앞,0.047407
11170530,녹사평,0.006714
11170555,숙대입구,0.141834
11170555,서울,0.697421
11170555,남영,0.042495
11170555,효창공원앞,0.076795
11170555,애오개,0.023496
11170555,충정로,0.01796
11170560,효창공원앞,0.337226
11170560,남영,0.095085
11170560,삼각지,0.362968
11170560,용산,0.064317
11170560,신용산,0.08527
11170560,숙대입구,0.055133
11170570,마포,0.146257
11170570,효창공원앞,0.160488
11170570,공덕,0.632281
11170570,용산,0.04248
11170570,신용산,0.016987
11170570,대흥,0.001506
11170580,효창공원앞,0.287009
11170580,공덕,0.613681
11170580,남영,0.031232
11170580,숙대입구,0.04145
11170580,애오개,0.013601
11170580,마포,0.013027
11170590,효창공원앞,0.326709
11170590,공덕,0.580212
11170590,용산,0.027884
11170590,마포,0.031924
11170590,남영,0.015856
11170590,신용산,0.017415
11170625,신용산,0.321385
11170625,용산,0.160431
11170625,삼각지,0.247311
11170625,이촌,0.221612
11170625,효창공원앞,0.038757
11170625,남영,0.010503
11170630,이촌,0.763655
11170630,흑석,0.135452
11170630,동작,0.058289
11170630,서빙고,0.011252
11170630,신용산,0.022355
11170630,노들,0.008998
11170640,노들,0.371679
11170640,용산,0.214259
11170640,신용산,0.136976
11170640,노량진,0.166196
11170640,이촌,0.087907
11170640,흑석,0.022982
11170650,이태원,0.613044
11170650,녹사평,0.257988
11170650,한강진,0.081637
11170650,한남,0.017579
11170650,서빙고,0.009407
11170650,삼각지,0.020344
11170660,이태원,0.443298
11170660,한강진,0.243349
11170660,녹사평,0.24524
11170660,버티고개,0.026165
11170660,삼각지,0.033432
11170660,숙대입구,0.008516
11170685,한강진,0.365337
11170685,한남,0.166222
11170685,이태원,0.14216
11170685,옥수,0.255113
11170685,버티고개,0.050778
11170685,금호,0.02039
11170690,서빙고,0.793123
11170690,이촌,0.176487
11170690,녹사평,0.007606
11170690,이태원,0.008991
11170690,신반포,0.006189
11170690,동작,0.007605
11170700,한남,0.567157
11170700,이태원,0.263452
11170700,서빙고,0.093741
11170700,한강진,0.033606
11170700,녹사평,0.023386
11170700,잠원,0.018658
11200520,상왕십리,0.170463
11200520,행당,0.112189
11200520,왕십리,0.56837
11200520,신당,0.085206
11200520,신금호,0.031386
11200520,청구,0.032386
11200535,상왕십리,0.198112
11200535,왕십리,0.525906
11200535,신당,0.080092
11200535,행당,0.03086
11200535,신설동,0.150297
11200535,용두,0.014733
11200540,마장,0.205618
11200540,왕십리,0.675214
11200540,용두,0.033711
11200540,답십리,0.037647
11200540,상왕십리,0.028937
11200540,한양대,0.018875
11200550,한양대,0.22442
11200550,왕십리,0.638054
11200550,마장,0.067873
11200550,신답,0.015826
11200550,답십리,0.029985
11200550,뚝섬,0.023843
11200560,왕십리,0.807475
11200560,행당,0.047085
11200560,한양대,0.05977
11200560,상왕십리,0.03179
11200560,응봉,0.024095
11200560,마장,0.029785
11200570,행당,0.179384
11200570,응봉,0.073114
11200570,신금호,0.056583
11200570,상왕십리,0.069617
11200570,왕십리,0.595004
11200570,한양대,0.026297
11200580,응봉,0.369817
11200580,행당,0.113154
11200580,한양대,0.088667
11200580,왕십리,0.357861
11200580,서울숲,0.029959
11200580,뚝섬,0.040542
11200590,신금호,0.329103
11200590,행당,0.284163
11200590,응봉,0.144276
11200590,금호,0.099133
11200590,청구,0.0922
11200590,상왕십리,0.051125
11200615,신금호,0.264288
11200615,금호,0.242713
11200615,약수,0.209195
11200615,행당,0.057683
11200615,청구,0.103338
11200615,옥수,0.122783
11200620,옥수,0.605538
11200620,금호,0.183936
11200620,신금호,0.079874
11200620,응봉,0.098266
11200620,행당,0.024616
11200620,버티고개,0.007771
11200645,옥수,0.884656
11200645,금호,0.088211
11200645,버티고개,0.008365
11200645,신금호,0.008378
11200645,응봉,0.006361
11200645,한남,0.00403
11200650,서울숲,0.508164
11200650,뚝섬,0.296703
11200650,응봉,0.064335
11200650,성수,0.10443
11200650,압구정로데오,0.018627
11200650,한양대,0.00774
11200660,뚝섬,0.360102
11200660,서울숲,0.17882
11200660,응봉,0.123904
11200660,한양대,0.153333
11200660,성수,0.083202
11200660,왕십리,0.100639
11200670,성수,0.524399
11200670,뚝섬유원지,0.046308
11200670,자양,0.097613
11200670,서울숲,0.081367
11200670,뚝섬,0.063899
11200670,건대입구,0.186414
11200690,성수,0.67903
11200690,뚝섬,0.109465
11200690,건대입구,0.164932
11200690,서울숲,0.034451
11200690,어린이대공원,0.010682
11200690,뚝섬유원지,0.00144
11200720,어린이대공원,0.202461
11200720,장한평,0.230268
11200720,성수,0.177326
11200720,신답,0.027082
11200720,군자,0.159563
11200720,건대입구,0.2033
11200790,신답,0.254033
11200790,장한평,0.447005
11200790,답십리,0.177128
11200790,한양대,0.068826
11200790,성수,0.031844
11200790,마장,0.021164
11215710,건대입구,0.801832
11215710,어린이대공원,0.144048
11215710,구의,0.028579
11215710,뚝섬유원지,0.004317
11215710,자양,0.0091
11215710,성수,0.012125
11215730,어린이대공원,0.23051
11215730,군자,0.603071
11215730,장한평,0.055035
11215730,아차산,0.027316
11215730,건대입구,0.079191
11215730,중곡,0.004876
11215740,군자,0.711677
11215740,중곡,0.188486
11215740,장한평,0.066942
11215740,용마산,0.011026
11215740,아차산,0.014741
11215740,어린이대공원,0.007128
11215750,군자,0.697277
11215750,중곡,0.142171
11215750,아차산,0.14302
11215750,어린이대공원,0.009373
11215750,용마산,0.004889
11215750,장한평,0.00327
11215760,중곡,0.550367
11215760,용마산,0.242948
11215760,군자,0.17946
11215760,사가정,0.014335
11215760,장한평,0.009559
11215760,아차산,0.003332
11215770,중곡,0.544717
11215770,용마산,0.155474
11215770,아차산,0.134707
11215770,군자,0.158641
11215770,사가정,0.005175
11215770,광나루,0.001287
11215780,어린이대공원,0.175691
11215780,아차산,0.255679
11215780,군자,0.502423
11215780,건대입구,0.050148
11215780,구의,0.011536
11215780,중곡,0.004523
11215810,광나루,0.930367
11215810,아차산,0.052134
11215810,강변,0.010516
11215810,천호,0.005324
11215810,암사,0.000946
11215810,구의,0.000714
11215820,구의,0.501482
11215820,건대입구,0.37426
11215820,강변,0.055819
11215820,뚝섬유원지,0.016797
11215820,자양,0.035406
11215820,어린이대공원,0.016236
11215830,구의,0.648552
11215830,강변,0.210314
11215830,뚝섬유원지,0.021902
11215830,자양,0.046166
11215830,건대입구,0.070499
11215830,잠실새내,0.002567
11215840,뚝섬유원지,0.165406
11215840,자양,0.348656
11215840,건대입구,0.443178
11215840,구의,0.037903
11215840,어린이대공원,0.002389
11215840,성수,0.002468
11215847,뚝섬유원지,0.152501
11215847,자양,0.321455
11215847,건대입구,0.474401
11215847,성수,0.047487
11215847,어린이대공원,0.002123
11215847,구의,0.002033
11215850,구의,0.5493
11215850,강변,0.154118
11215850,아차산,0.094365
11215850,어린이대공원,0.055214
11215850,건대입구,0.12957
11215850,광나루,0.017434
11215860,아차산,0.722144
11215860,광나루,0.193229
11215860,군자,0.066686
11215860,강변,0.006943
11215860,어린이대공원,0.004562
11215860,구의,0.006435
11215870,강변,0.737271
11215870,구의,0.20123
11215870,광나루,0.048643
11215870,잠실새내,0.005071
11215870,잠실나루,0.005486
11215870,아차산,0.002299
11230545,제기동,0.253721
11230545,고려대,0.082787
11230545,안암,0.081193
11230545,청량리,0.496867
11230545,용두,0.024277
11230545,신설동,0.061156
11230560,청량리,0.910029
11230560,용두,0.00852
11230560,회기,0.044514
11230560,답십리,0.016876
11230560,제기동,0.014588
11230560,마장,0.005472
11230570,회기,0.596386
11230570,청량리,0.37999
11230570,답십리,0.013835
11230570,외대앞,0.007532
11230570,중랑,0.001936
11230570,용두,0.00032
11230600,답십리,0.437591
11230600,마장,0.154446
11230600,청량리,0.346891
11230600,신답,0.027985
11230600,용두,0.018887
11230600,장한평,0.014199
11230610,답십리,0.534662
11230610,장한평,0.266403
11230610,신답,0.08008
11230610,청량리,0.09748
11230610,마장,0.020548
11230610,용두,0.000826
11230650,장한평,0.6973
11230650,신답,0.046832
11230650,중곡,0.0518
11230650,군자,0.136577
11230650,답십리,0.061287
11230650,용마산,0.006205
11230660,용마산,0.517677
11230660,중곡,0.189073
11230660,사가정,0.183376
11230660,장한평,0.076068
11230660,면목,0.018347
11230660,답십리,0.01546
11230705,고려대,0.11928
11230705,청량리,0.611605
11230705,회기,0.222505
11230705,안암,0.012898
11230705,월곡,0.010022
11230705,제기동,0.023689
11230710,회기,0.807108
11230710,외대앞,0.068019
11230710,월곡,0.027946
11230710,고려대,0.017966
11230710,상월곡,0.013767
11230710,청량리,0.065194
11230720,회기,0.744349
11230720,외대앞,0.180204
11230720,신이문,0.027834
11230720,중랑,0.041352
11230720,중화,0.000987
11230720,청량리,0.005274
11230730,회기,0.802662
11230730,외대앞,0.08787
11230730,중랑,0.086452
11230730,신이문,0.006036
11230730,면목,0.003374
11230730,청량리,0.013605
11230740,외대앞,0.330195
11230740,신이문,0.13437
11230740,회기,0.486101
11230740,중랑,0.03039
11230740,상월곡,0.010495
11230740,돌곶이,0.008449
11230750,신이문,0.507259
11230750,외대앞,0.189568
11230750,중화,0.10586
11230750,중랑,0.120289
11230750,먹골,0.04594
11230750,돌곶이,0.031085
11260520,중랑,0.335227
11260520,면목,0.162949
11260520,상봉,0.446463
11260520,사가정,0.031903
11260520,중화,0.01243
11260520,외대앞,0.011028
11260540,용마산,0.599059
11260540,사가정,0.200635
11260540,중곡,0.187454
11260540,면목,0.007246
11260540,군자,0.00546
11260540,장한평,0.000146
11260550,사가정,0.392865
11260550,면목,0.28541
11260550,용마산,0.113243
11260550,중랑,0.082206
11260550,상봉,0.123266
11260550,중곡,0.003011
11260565,면목,0.361121
11260565,사가정,0.126923
11260565,상봉,0.451813
11260565,망우,0.029262
11260565,중랑,0.025331
11260565,용마산,0.005551
11260570,사가정,0.509242
11260570,용마산,0.41095
11260570,면목,0.049512
11260570,중곡,0.027694
11260570,상봉,0.002501
11260570,중랑,0.000101
11260575,사가정,0.468918
11260575,면목,0.360495
11260575,용마산,0.04169
11260575,상봉,0.11312
11260575,망우,0.014593
11260575,중랑,0.001184
11260580,망우,0.278339
11260580,상봉,0.603592
11260580,중화,0.07527
11260580,먹골,0.011242
11260580,중랑,0.020854
11260580,면목,0.010703
11260590,상봉,0.716112
11260590,중랑,0.119079
11260590,면목,0.086724
11260590,망우,0.044975
11260590,중화,0.028552
11260590,사가정,0.004559
11260600,중화,0.20151
11260600,상봉,0.563115
11260600,망우,0.100279
11260600,중랑,0.083049
11260600,먹골,0.041272
11260600,신이문,0.010775
11260610,중랑,0.349889
11260610,중화,0.163568
11260610,신이문,0.095913
11260610,상봉,0.332219
11260610,외대앞,0.04347
11260610,먹골,0.014941
11260620,먹골,0.267632
11260620,화랑대,0.154763
11260620,태릉입구,0.410785
11260620,봉화산,0.098546
11260620,중화,0.036881
11260620,석계,0.031392
11260630,먹골,0.307993
11260630,태릉입구,0.34868
11260630,석계,0.19361
11260630,중화,0.089981
11260630,신이문,0.043571
11260630,화랑대,0.016164
11260655,망우,0.227868
11260655,면목,0.001155
11260655,봉화산,0.001178
11260655,상봉,0.029368
11260655,신내,0.740214
11260655,중화,0.000216
11260660,망우,0.345897
11260660,면목,0.21688
11260660,상봉,0.397087
11260660,사가정,0.037417
11260660,신내,0.001834
11260660,중랑,0.000884
11260680,망우,0.003026
11260680,먹골,6.1e-05
11260680,봉화산,0.025863
11260680,신내,0.97026
11260680,중화,2.5e-05
11260680,화랑대,0.000764
11260690,봉화산,0.330392
11260690,신내,0.356016
11260690,화랑대,0.078431
11260690,먹골,0.088546
11260690,망우,0.106021
11260690,중화,0.040594
11290525,한성대입구,0.672213
11290525,혜화,0.139587
11290525,정릉,0.073769
11290525,성신여대입구,0.106584
11290525,북한산보국문,0.006381
11290525,안국,0.001467
11290555,한성대입구,0.207156
11290555,보문,0.316857
11290555,성신여대입구,0.344145
11290555,창신,0.065484
11290555,혜화,0.06047
11290555,안암,0.005888
11290575,성신여대입구,0.758224
11290575,보문,0.142529
11290575,정릉,0.034575
11290575,한성대입구,0.027754
11290575,안암,0.015757
11290575,길음,0.02116
11290580,길음,0.436446
11290580,성신여대입구,0.423407
11290580,정릉,0.106794
11290580,고려대,0.013651
11290580,안암,0.011542
11290580,월곡,0.00816
11290590,정릉,0.212794
11290590,성신여대입구,0.65776
11290590,한성대입구,0.072285
11290590,길음,0.021954
11290590,보문,0.030951
11290590,북한산보국문,0.004257
11290600,안암,0.235192
11290600,보문,0.331629
11290600,고려대,0.073936
11290600,성신여대입구,0.172194
11290600,제기동,0.058383
11290600,신설동,0.128667
11290610,보문,0.394843
11290610,창신,0.092682
11290610,신설동,0.323117
11290610,안암,0.03633
11290610,동묘앞,0.062406
11290610,성신여대입구,0.090623
11290620,정릉,0.460393
11290620,길음,0.272822
11290620,성신여대입구,0.20969
11290620,북한산보국문,0.043744
11290620,미아사거리,0.010844
11290620,한성대입구,0.002507
11290630,정릉,0.626101
11290630,북한산보국문,0.215728
11290630,성신여대입구,0.112418
11290630,길음,0.032636
11290630,한성대입구,0.010117
11290630,솔샘,0.003
11290640,북한산보국문,0.952617
11290640,솔샘,0.027832
11290640,정릉,0.019551
11290650,북한산보국문,0.435575
11290650,삼양,0.044102
11290650,삼양사거리,0.01383
11290650,솔샘,0.498143
11290650,화계,0.00835
11290660,길음,0.462732
11290660,정릉,0.251624
11290660,미아사거리,0.145657
11290660,북한산보국문,0.095883
11290660,솔샘,0.023223
11290660,삼양사거리,0.02088
11290685,길음,0.547398
11290685,미아사거리,0.386616
11290685,정릉,0.034599
11290685,월곡,0.017288
11290685,삼양사거리,0.009304
11290685,북한산보국문,0.004795
11290705,고려대,0.305826
11290705,월곡,0.236056
11290705,길음,0.277292
11290705,안암,0.069998
11290705,성신여대입구,0.100803
11290705,상월곡,0.010026
11290715,월곡,0.248873
11290715,미아사거리,0.419427
11290715,길음,0.213685
11290715,상월곡,0.111035
11290715,돌곶이,0.005069
11290715,고려대,0.001912
11290725,월곡,0.485488
11290725,상월곡,0.434683
11290725,돌곶이,0.051097
11290725,고려대,0.009492
11290725,미아사거리,0.009887
11290725,길음,0.009353
11290760,상월곡,0.356553
11290760,돌곶이,0.223533
11290760,미아사거리,0.26859
11290760,월곡,0.062782
11290760,광운대,0.068506
11290760,석계,0.020036
11290770,돌곶이,0.463882
11290770,상월곡,0.273229
11290770,석계,0.139485
11290770,월곡,0.021636
11290770,광운대,0.096713
11290770,신이문,0.005054
11290780,돌곶이,0.125512
11290780,광운대,0.679649
11290780,석계,0.159677
11290780,상월곡,0.020451
11290780,월계,0.009044
11290780,태릉입구,0.005666
11290810,돌곶이,0.31429
11290810,석계,0.413906
11290810,신이문,0.163774
11290810,상월곡,0.055266
11290810,외대앞,0.032839
11290810,먹골,0.019925
11305534,솔샘,0.32805
11305534,삼양,0.273788
11305534,삼양사거리,0.241517
11305534,미아,0.095334
11305534,화계,0.040851
11305534,북한산보국문,0.02046
11305535,미아,0.497655
11305535,삼양,0.170856
11305535,수유,0.132967
11305535,삼양사거리,0.099998
11305535,화계,0.082645
11305535,솔샘,0.01588
11305545,미아사거리,0.719109
11305545,미아,0.146636
11305545,삼양사거리,0.098459
11305545,길음,0.016952
11305545,삼양,0.01074
11305545,솔샘,0.008105
11305555,삼양사거리,0.327527
11305555,미아사거리,0.313757
11305555,미아,0.178841
11305555,솔샘,0.101611
11305555,삼양,0.062785
11305555,길음,0.01548
11305575,솔샘,0.377662
11305575,삼양사거리,0.302697
11305575,북한산보국문,0.139973
11305575,삼양,0.071908
11305575,미아사거리,0.06326
11305575,미아,0.044499
11305595,수유,0.682451
11305595,화계,0.075778
11305595,쌍문,0.100087
11305595,가오리,0.052687
11305595,미아,0.074961
11305595,삼양,0.014036
11305603,미아,0.689185
11305603,수유,0.192299
11305603,삼양,0.04671
11305603,삼양사거리,0.036939
11305603,화계,0.02469
11305603,미아사거리,0.010177
11305608,미아,0.330178
11305608,미아사거리,0.182434
11305608,광운대,0.365552
11305608,월계,0.085467
11305608,돌곶이,0.017395
11305608,삼양사거리,0.018973
11305615,삼양,0.364459
11305615,화계,0.329063
11305615,솔샘,0.172363
11305615,삼양사거리,0.061393
11305615,가오리,0.037315
11305615,미아,0.035407
11305625,가오리,0.415791
11305625,4.19민주묘지,0.270343
11305625,수유,0.169029
11305625,화계,0.05524
11305625,솔밭공원,0.036631
11305625,쌍문,0.052967
11305635,수유,0.518901
11305635,가오리,0.24994
11305635,화계,0.143783
11305635,쌍문,0.049999
11305635,4.19민주묘지,0.026548
11305635,삼양,0.010829
11305645,북한산우이,0.446133
11305645,솔밭공원,0.39808
11305645,4.19민주묘지,0.14697
11305645,가오리,0.008194
11305645,화계,0.00027
11305645,쌍문,0.000353
11305660,가오리,0.43176
11305660,화계,0.396721
11305660,4.19민주묘지,0.084487
11305660,삼양,0.047556
11305660,수유,0.03417
11305660,솔샘,0.005306
11320511,창동,0.632813
11320511,녹천,0.22269
11320511,쌍문,0.137753
11320511,중계,0.00179
11320511,노원,0.004196
11320511,수유,0.000758
11320512,쌍문,0.611784
11320512,수유,0.112534
11320512,녹천,0.116538
11320512,창동,0.150548
11320512,가오리,0.00619
11320512,화계,0.002407
11320513,녹천,0.52857
11320513,쌍문,0.182087
11320513,수유,0.104525
11320513,월계,0.091103
11320513,창동,0.074975
11320513,미아,0.01874
11320514,창동,0.770079
11320514,녹천,0.096735
11320514,노원,0.11252
11320514,중계,0.008184
11320514,마들,0.006258
11320514,쌍문,0.006223
11320515,창동,0.889286
11320515,쌍문,0.053991
11320515,방학,0.024669
11320515,녹천,0.019627
11320515,노원,0.009174
11320515,마들,0.003253
11320521,도봉,0.298137
11320521,도봉산,0.683488
11320521,방학,0.012598
11320521,북한산우이,0.001183
11320521,수락산,0.003641
11320521,장암,0.000954
11320522,도봉,0.485439
11320522,도봉산,0.360139
11320522,마들,0.000723
11320522,방학,0.012733
11320522,수락산,0.140744
11320522,장암,0.000222
11320660,4.19민주묘지,0.4224
11320660,솔밭공원,0.389043
11320660,북한산우이,0.060775
11320660,가오리,0.063585
11320660,쌍문,0.057274
11320660,수유,0.006923
11320670,창동,0.723796
11320670,쌍문,0.191862
11320670,방학,0.077338
11320670,녹천,0.005096
11320670,마들,0.001334
11320670,솔밭공원,0.000574
11320680,쌍문,0.801912
11320680,수유,0.072148
11320680,가오리,0.031495
11320680,4.19민주묘지,0.0179
11320680,창동,0.072727
11320680,솔밭공원,0.003818
11320681,쌍문,0.666137
11320681,창동,0.2455
11320681,솔밭공원,0.036812
11320681,4.19민주묘지,0.023847
11320681,북한산우이,0.009634
11320681,방학,0.01807
11320690,방학,0.783208
11320690,마들,0.052197
11320690,창동,0.140321
11320690,도봉,0.015362
11320690,수락산,0.004479
11320690,노원,0.004432
11320700,방학,0.896063
11320700,도봉,0.083735
11320700,북한산우이,0.010278
11320700,솔밭공원,0.001163
11320700,창동,0.007453
11320700,수락산,0.001307
11320710,북한산우이,0.606161
11320710,솔밭공원,0.320031
11320710,4.19민주묘지,0.031097
11320710,쌍문,0.018976
11320710,방학,0.020625
11320710,창동,0.00311
11350560,광운대,0.837223
11350560,석계,0.094625
11350560,월계,0.028295
11350560,돌곶이,0.01242
11350560,공릉,0.013487
11350560,태릉입구,0.01395
11350570,월계,0.66794
11350570,녹천,0.161929
11350570,광운대,0.133147
11350570,하계,0.025429
11350570,중계,0.010811
11350570,공릉,0.000743
11350580,광운대,0.759052
11350580,공릉,0.081232
11350580,석계,0.059594
11350580,월계,0.045017
11350580,태릉입구,0.04413
11350580,하계,0.010975
11350595,공릉,0.288305
11350595,태릉입구,0.260791
11350595,광운대,0.3418
11350595,화랑대,0.030434
11350595,석계,0.066569
11350595,하계,0.0121
11350600,화랑대,0.386748
11350600,봉화산,0.34248
11350600,갈매,0.083236
11350600,공릉,0.099993
11350600,신내,0.052152
11350600,태릉입구,0.035391
11350611,하계,0.722784
11350611,중계,0.150133
11350611,공릉,0.055371
11350611,월계,0.057334
11350611,광운대,0.01289
11350611,녹천,0.001488
11350612,하계,0.33911
11350612,월계,0.395306
11350612,중계,0.051247
11350612,공릉,0.03719
11350612,광운대,0.165528
11350612,녹천,0.01162
11350619,노원,0.073443
11350619,당고개,0.002772
11350619,상계,0.608049
11350619,중계,0.20205
11350619,하계,0.113687
11350621,중계,0.311498
11350621,상계,0.193037
11350621,노원,0.461426
11350621,하계,0.029236
11350621,녹천,0.003782
11350621,마들,0.001021
11350624,노원,0.027333
11350624,당고개,0.087572
11350624,마들,0.000657
11350624,불암산,0.147372
11350624,상계,0.736186
11350624,중계,0.000881
11350625,중계,0.534636
11350625,하계,0.227437
11350625,녹천,0.075359
11350625,월계,0.07223
11350625,노원,0.08393
11350625,창동,0.006408
11350630,수락산,0.806681
11350630,도봉,0.049985
11350630,도봉산,0.11282
11350630,불암산,0.018038
11350630,당고개,0.008334
11350630,마들,0.004142
11350640,노원,0.726831
11350640,상계,0.201
11350640,마들,0.033054
11350640,중계,0.026824
11350640,당고개,0.001603
11350640,창동,0.010689
11350665,당고개,0.294125
11350665,마들,0.0001
11350665,불암산,0.696742
11350665,상계,0.008909
11350665,수락산,0.000125
11350670,상계,0.502519
11350670,당고개,0.055208
11350670,마들,0.107996
11350670,노원,0.248892
11350670,불암산,0.084545
11350670,수락산,0.00084
11350695,중계,0.230359
11350695,노원,0.423113
11350695,녹천,0.174912
11350695,창동,0.156926
11350695,하계,0.009274
11350695,월계,0.005416
11350700,마들,0.4964
11350700,방학,0.313873
11350700,수락산,0.044118
11350700,노원,0.073563
11350700,창동,0.057205
11350700,도봉,0.014842
11350710,마들,0.64752
11350710,수락산,0.083108
11350710,상계,0.092195
11350710,당고개,0.022156
11350710,노원,0.121232
11350710,불암산,0.033789
11350720,노원,0.59019
11350720,마들,0.210991
11350720,창동,0.152824
11350720,상계,0.027005
11350720,방학,0.015128
11350720,중계,0.003862
11380510,녹번,0.355992
11380510,불광,0.538973
11380510,역촌,0.084905
11380510,독바위,0.013666
11380510,구산,0.004185
11380510,응암,0.002278
11380520,구산,0.001176
11380520,녹번,0.005808
11380520,독바위,0.519165
11380520,불광,0.431288
11380520,역촌,0.00392
11380520,연신내,0.038643
11380530,구산,0.005692
11380530,구파발,0.018425
11380530,독바위,0.306502
11380530,불광,0.074948
11380530,역촌,0.001126
11380530,연신내,0.593306
11380551,구산,0.019797
11380551,구파발,0.098556
11380551,독바위,0.007271
11380551,불광,0.004078
11380551,역촌,0.000513
11380551,연신내,0.869785
11380552,연신내,0.790813
11380552,구산,0.174589
11380552,역촌,0.012778
11380552,불광,0.017886
11380552,독바위,0.003153
11380552,구파발,0.000781
11380560,구산,0.590325
11380560,연신내,0.2287
11380560,역촌,0.100086
11380560,응암,0.062024
11380560,불광,0.018008
11380560,새절,0.000857
11380570,구산,0.134989
11380570,불광,0.419581
11380570,역촌,0.141383
11380570,연신내,0.269219
11380570,독바위,0.030612
11380570,응암,0.004216
11380580,녹번,0.346512
11380580,역촌,0.257913
11380580,응암,0.223033
11380580,불광,0.115128
11380580,새절,0.048344
11380580,구산,0.00907
11380590,새절,0.532118
11380590,응암,0.328929
11380590,증산,0.058169
11380590,녹번,0.04392
11380590,역촌,0.031127
11380590,홍제,0.005736
11380600,새절,0.609763
11380600,증산,0.264885
11380600,응암,0.116108
11380600,역촌,0.001735
11380600,디지털미디어시티,0.006624
11380600,녹번,0.000885
11380625,응암,0.380952
11380625,역촌,0.314735
11380625,구산,0.20308
11380625,새절,0.024392
11380625,불광,0.05546
11380625,연신내,0.021381
11380631,응암,0.653453
11380631,새절,0.271074
11380631,역촌,0.040524
11380631,구산,0.018405
11380631,증산,0.015535
11380631,불광,0.001009
11380632,새절,0.542591
11380632,응암,0.201457
11380632,증산,0.211921
11380632,수색,0.006703
11380632,디지털미디어시티,0.03594
11380632,역촌,0.001388
11380640,증산,0.3093
11380640,디지털미디어시티,0.590153
11380640,수색,0.034538
11380640,새절,0.061519
11380640,월드컵경기장,0.002849
11380640,응암,0.001641
11380650,디지털미디어시티,0.804021
11380650,새절,0.005097
11380650,수색,0.147983
11380650,월드컵경기장,0.002076
11380650,응암,0.000143
11380650,증산,0.040679
11380690,구파발,0.646138
11380690,독바위,0.115216
11380690,지축,0.158341
11380690,연신내,0.067352
11380690,불광,0.012475
11380690,구산,0.000477
11410520,독립문,0.664964
11410520,서대문,0.152272
11410520,충정로,0.103628
11410520,무악재,0.035645
11410520,경복궁,0.021851
11410520,아현,0.02164
11410555,아현,0.317827
11410555,애오개,0.178579
11410555,충정로,0.358704
11410555,이대,0.100482
11410555,신촌(경의),0.013681
11410555,서대문,0.030727
11410565,충정로,0.526053
11410565,아현,0.186077
11410565,서대문,0.157149
11410565,애오개,0.054927
11410565,독립문,0.048185
11410565,이대,0.027609
11410585,신촌(경의),0.188259
11410585,이대,0.235978
11410585,신촌,0.253756
11410585,서강대,0.013489
11410585,아현,0.023741
11410585,홍대입구,0.284777
11410615,신촌(경의),0.042765
11410615,가좌,0.037468
11410615,홍대입구,0.852437
11410615,신촌,0.03882
11410615,무악재,0.018728
11410615,이대,0.009782
11410620,녹번,0.000223
11410620,독립문,0.050183
11410620,무악재,0.642227
11410620,신촌(경의),3.1e-05
11410620,홍제,0.307336
11410640,녹번,0.019435
11410640,독립문,0.002568
11410640,무악재,0.28439
11410640,홍제,0.693607
11410655,경복궁,0.000928
11410655,녹번,0.000153
11410655,독립문,0.082966
11410655,무악재,0.685572
11410655,서대문,8.1e-05
11410655,홍제,0.2303
11410660,녹번,0.695747
11410660,독바위,0.000309
11410660,무악재,0.009095
11410660,불광,0.022966
11410660,역촌,0.001302
11410660,홍제,0.27058
11410685,홍제,0.763209
11410685,녹번,0.095688
11410685,무악재,0.064781
11410685,새절,0.053909
11410685,응암,0.012681
11410685,증산,0.009731
11410690,가좌,0.506794
11410690,마포구청,0.047626
11410690,증산,0.06414
11410690,월드컵경기장,0.034878
11410690,디지털미디어시티,0.172392
11410690,홍대입구,0.17417
11410700,가좌,0.250852
11410700,증산,0.567342
11410700,새절,0.087051
11410700,디지털미디어시티,0.090033
11410700,월드컵경기장,0.002949
11410700,마포구청,0.001772
11410710,디지털미디어시티,0.802351
11410710,가좌,0.030386
11410710,증산,0.086983
11410710,월드컵경기장,0.053488
11410710,수색,0.01284
11410710,마포구청,0.013953
11410720,증산,0.572049
11410720,새절,0.107896
11410720,디지털미디어시티,0.297063
11410720,가좌,0.013117
11410720,수색,0.006471
11410720,월드컵경기장,0.003404
11440555,애오개,0.179082
11440555,아현,0.113428
11440555,이대,0.083847
11440555,공덕,0.587912
11440555,대흥,0.029607
11440555,신촌(경의),0.006124
11440565,애오개,0.132453
11440565,공덕,0.709268
11440565,아현,0.051391
11440565,효창공원앞,0.056216
11440565,충정로,0.033755
11440565,숙대입구,0.016917
11440585,마포,0.149757
11440585,공덕,0.799465
11440585,효창공원앞,0.039131
11440585,대흥,0.009694
11440585,용산,0.001432
11440585,광흥창,0.000521
11440590,마포,0.218528
11440590,대흥,0.064363
11440590,공덕,0.688772
11440590,광흥창,0.018129
11440590,서강대,0.004093
11440590,신촌,0.006115
11440600,대흥,0.189881
11440600,신촌,0.418021
11440600,서강대,0.083766
11440600,이대,0.207613
11440600,신촌(경의),0.041903
11440600,광흥창,0.058817
11440610,대흥,0.086138
11440610,이대,0.073462
11440610,공덕,0.736033
11440610,애오개,0.050465
11440610,서강대,0.009332
11440610,신촌,0.044569
11440630,광흥창,0.359803
11440630,대흥,0.210699
11440630,서강대,0.090176
11440630,상수,0.071093
11440630,신촌,0.1638
11440630,마포,0.104427
11440655,상수,0.170941
11440655,광흥창,0.124479
11440655,서강대,0.019076
11440655,합정,0.181506
11440655,홍대입구,0.474678
11440655,신촌,0.02932
11440660,홍대입구,0.837016
11440660,상수,0.021838
11440660,합정,0.119905
11440660,망원,0.014289
11440660,광흥창,0.004889
11440660,서강대,0.002064
11440680,합정,0.880569
11440680,망원,0.044112
11440680,상수,0.023075
11440680,당산,0.02625
11440680,선유도,0.00394
11440680,홍대입구,0.022054
11440690,망원,0.314761
11440690,마포구청,0.141879
11440690,합정,0.516505
11440690,월드컵경기장,0.008443
11440690,선유도,0.009619
11440690,신목동,0.008793
11440700,마포구청,0.538001
11440700,망원,0.234483
11440700,월드컵경기장,0.115683
11440700,합정,0.093219
11440700,가좌,0.006239
11440700,디지털미디어시티,0.012375
11440710,홍대입구,0.959325
11440710,가좌,0.016132
11440710,망원,0.008577
11440710,마포구청,0.00186
11440710,신촌,0.004466
11440710,합정,0.00964
11440720,망원,0.178047
11440720,마포구청,0.140857
11440720,가좌,0.066688
11440720,홍대입구,0.49308
11440720,월드컵경기장,0.017748
11440720,합정,0.10358
11440730,월드컵경기장,0.285428
11440730,마포구청,0.2055
11440730,디지털미디어시티,0.474483
11440730,가좌,0.020971
11440730,망원,0.008817
11440730,수색,0.004801
11440740,월드컵경기장,0.148028
11440740,수색,0.056227
11440740,디지털미디어시티,0.743645
11440740,마포구청,0.018605
11440740,증미,0.025243
11440740,가양,0.008251
11470510,오목교,0.761981
11470510,목동,0.201404
11470510,도림천,0.008836
11470510,신정,0.009712
11470510,영등포구청,0.016822
11470510,양천구청,0.001244
11470520,염창,0.608141
11470520,신목동,0.29863
11470520,등촌,0.086673
11470520,선유도,0.003831
11470520,증미,0.001966
11470520,오목교,0.00076
11470530,등촌,0.558533
11470530,염창,0.369965
11470530,증미,0.041441
11470530,신목동,0.02653
11470530,가양,0.002519
11470530,목동,0.001012
11470540,목동,0.56648
11470540,오목교,0.158265
11470540,염창,0.118581
11470540,신정,0.097995
11470540,신목동,0.032585
11470540,등촌,0.026095
11470550,신목동,0.499723
11470550,선유도,0.187269
11470550,염창,0.141067
11470550,오목교,0.121873
11470550,목동,0.015336
11470550,영등포구청,0.034732
11470560,까치산,0.788217
11470560,신정,0.004005
11470560,신정네거리,0.001603
11470560,우장산,0.006077
11470560,화곡,0.200098
11470570,까치산,0.493821
11470570,목동,0.018019
11470570,신정,0.293575
11470570,신정네거리,0.192976
11470570,양천구청,0.000519
11470570,화곡,0.00109
11470580,까치산,0.449624
11470580,우장산,0.041351
11470580,원종,0.009614
11470580,화곡,0.49941
11470590,까치산,0.696611
11470590,목동,0.00205
11470590,신정,0.125897
11470590,신정네거리,0.172668
11470590,양천구청,9.5e-05
11470590,화곡,0.002679
11470600,까치산,0.027032
11470600,마곡,0.000411
11470600,발산,0.000392
11470600,우장산,0.415865
11470600,화곡,0.556301
11470610,까치산,0.118734
11470610,목동,0.003718
11470610,신정,0.1887
11470610,신정네거리,0.682561
11470610,양천구청,0.00519
11470610,오류동,0.001096
11470611,까치산,0.689758
11470611,까치울,0.055926
11470611,신정,0.03548
11470611,신정네거리,0.186022
11470611,원종,0.032814
11470620,신정네거리,0.198112
11470620,신정,0.38266
11470620,양천구청,0.114658
11470620,목동,0.265489
11470620,오목교,0.029751
11470620,까치산,0.00933
11470630,오목교,0.634178
11470630,도림천,0.183632
11470630,양천구청,0.057845
11470630,목동,0.099547
11470630,문래,0.018054
11470630,신정,0.006743
11470640,개봉,0.004274
11470640,까치산,0.020496
11470640,신정,0.082186
11470640,신정네거리,0.745137
11470640,양천구청,0.016332
11470640,오류동,0.131575
11470650,신정,0.489444
11470650,목동,0.297583
11470650,신정네거리,0.089848
11470650,까치산,0.106128
11470650,오목교,0.013264
11470650,양천구청,0.003732
11470670,양천구청,0.413184
11470670,오목교,0.284425
11470670,도림천,0.094567
11470670,목동,0.157515
11470670,신정네거리,0.014356
11470670,신정,0.035953
11470680,양천구청,0.882393
11470680,신정네거리,0.022523
11470680,구일,0.029052
11470680,도림천,0.01412
11470680,구로,0.035037
11470680,목동,0.016875
11500510,가양,0.015466
11500510,등촌,0.440891
11500510,신목동,0.030167
11500510,염창,0.311643
11500510,증미,0.201833
11500520,증미,0.485162
11500520,등촌,0.247052
11500520,가양,0.259641
11500520,염창,0.007315
11500520,양천향교,0.000534
11500520,우장산,0.000295
11500530,등촌,0.740663
11500530,염창,0.12227
11500530,증미,0.101695
11500530,가양,0.014432
11500530,화곡,0.011583
11500530,까치산,0.009356
11500535,가양,0.512924
11500535,양천향교,0.366631
11500535,증미,0.072649
11500535,우장산,0.02088
11500535,마곡,0.013775
11500535,발산,0.013142
11500540,까치산,0.786993
11500540,목동,0.000293
11500540,신정,0.008935
11500540,신정네거리,0.00134
11500540,우장산,0.006405
11500540,화곡,0.196034
11500550,까치산,0.637619
11500550,신정,0.233052
11500550,목동,0.100642
11500550,신정네거리,0.015628
11500550,화곡,0.011758
11500550,오목교,0.0013
11500560,까치산,0.014288
11500560,마곡,0.000864
11500560,발산,0.000825
11500560,우장산,0.520191
11500560,화곡,0.463832
11500570,까치산,0.542853
11500570,목동,0.221477
11500570,신정,0.191185
11500570,화곡,0.022262
11500570,등촌,0.017702
11500570,신정네거리,0.004521
11500590,화곡,0.605682
11500590,까치산,0.265891
11500590,우장산,0.11349
11500590,등촌,0.011394
11500590,증미,0.001966
11500590,신정,0.001577
11500591,가양,0.316861
11500591,증미,0.291606
11500591,등촌,0.20524
11500591,우장산,0.117691
11500591,화곡,0.065186
11500591,양천향교,0.003416
11500593,까치산,0.858072
11500593,화곡,0.078468
11500593,신정,0.050651
11500593,신정네거리,0.003768
11500593,목동,0.007691
11500593,우장산,0.00135
11500603,양천향교,0.237248
11500603,마곡나루,0.686521
11500603,발산,0.034532
11500603,마곡,0.036194
11500603,신방화,0.004968
11500603,방화,0.000537
11500604,가양,0.645547
11500604,양천향교,0.228811
11500604,증미,0.121416
11500604,등촌,0.001979
11500604,마곡나루,0.002073
11500604,마곡,0.000173
11500605,가양,0.448518
11500605,등촌,0.061055
11500605,양천향교,0.003039
11500605,염창,0.000972
11500605,증미,0.486416
11500611,우장산,0.478891
11500611,마곡,0.182325
11500611,발산,0.173951
11500611,송정,0.035451
11500611,화곡,0.027556
11500611,마곡나루,0.101826
11500615,우장산,0.758539
11500615,화곡,0.211499
11500615,가양,0.01187
11500615,발산,0.007419
11500615,마곡,0.007776
11500615,증미,0.002898
11500620,김포공항,0.960697
11500620,송정,0.018627
11500620,공항시장,0.014582
11500620,개화산,0.003583
11500620,신방화,0.001779
11500620,개화,0.000732
11500630,신방화,0.271591
11500630,공항시장,0.097299
11500630,마곡나루,0.439152
11500630,송정,0.087225
11500630,개화산,0.052749
11500630,마곡,0.051984
11500640,개화,0.546055
11500640,방화,0.28355
11500640,개화산,0.157685
11500640,신방화,0.003011
11500640,공항시장,0.001066
11500640,김포공항,0.008634
11500641,방화,0.860429
11500641,개화산,0.073676
11500641,신방화,0.02836
11500641,개화,0.012131
11500641,마곡나루,0.023984
11500641,공항시장,0.001419
11530510,도림천,0.104356
11530510,구로,0.241199
11530510,신도림,0.617247
11530510,문래,0.031212
11530510,양천구청,0.003239
11530510,오목교,0.002747
11530520,구일,0.514192
11530520,구로,0.154195
11530520,남구로,0.117729
11530520,가산디지털단지,0.159618
11530520,개봉,0.031377
11530520,대림,0.022889
11530530,구로,0.643263
11530530,구일,0.179619
11530530,남구로,0.045739
11530530,대림,0.063607
11530530,신도림,0.051639
11530530,가산디지털단지,0.016133
11530540,구로디지털단지,0.257958
11530540,남구로,0.220018
11530540,대림,0.348218
11530540,가산디지털단지,0.165671
11530540,신대방,0.007835
11530540,신풍,0.0003
11530550,대림,0.660669
11530550,남구로,0.216542
11530550,구로디지털단지,0.032094
11530550,가산디지털단지,0.073979
11530550,구로,0.015892
11530550,구일,0.000825
11530560,구로,0.328927
11530560,신도림,0.550301
11530560,대림,0.11051
11530560,도림천,0.004941
11530560,남구로,0.003737
11530560,구일,0.001583
11530595,남구로,0.255375
11530595,가산디지털단지,0.659283
11530595,구로디지털단지,0.027754
11530595,대림,0.054051
11530595,독산,0.002147
11530595,철산,0.00139
11530720,구일,0.471153
11530720,개봉,0.448741
11530720,양천구청,0.044116
11530720,구로,0.027664
11530720,오류동,0.008164
11530720,도림천,0.000162
11530730,양천구청,0.265523
11530730,개봉,0.417323
11530730,오류동,0.215623
11530730,신정네거리,0.054271
11530730,구일,0.041533
11530730,신정,0.005727
11530740,오류동,0.617348
11530740,개봉,0.349692
11530740,구일,0.010667
11530740,천왕,0.019801
11530740,양천구청,0.002286
11530740,신정네거리,0.000206
11530750,개봉,0.707077
11530750,오류동,0.151542
11530750,구일,0.08141
11530750,광명사거리,0.042496
11530750,천왕,0.016144
11530750,철산,0.001331
11530760,개봉,0.175086
11530760,광명사거리,0.494682
11530760,구일,0.005425
11530760,오류동,0.152537
11530760,천왕,0.163529
11530760,철산,0.008742
11530770,개봉,0.025497
11530770,광명사거리,0.000455
11530770,구일,8e-05
11530770,오류동,0.752544
11530770,온수,0.036472
11530770,천왕,0.184952
11530780,개봉,0.000681
11530780,광명사거리,0.016853
11530780,역곡,0.000145
11530780,오류동,0.069111
11530780,온수,0.048804
11530780,천왕,0.864406
11530790,까치울,0.010111
11530790,역곡,0.002624
11530790,오류동,0.007866
11530790,온수,0.968264
11530790,천왕,0.011135
11530800,역곡,0.279127
11530800,오류동,0.000453
11530800,온수,0.576803
11530800,천왕,0.143616
11545510,가산디지털단지,0.867216
11545510,남구로,0.068292
11545510,독산,0.039984
11545510,철산,0.020745
11545510,구로디지털단지,0.002266
11545510,대림,0.001496
11545610,가산디지털단지,0.002854
11545610,구로디지털단지,6e-05
11545610,금천구청,0.226998
11545610,남구로,4.6e-05
11545610,독산,0.770041
11545620,구로디지털단지,0.000647
11545620,금천구청,0.518745
11545620,독산,0.480608
11545630,구로디지털단지,0.788153
11545630,신대방,0.119335
11545630,독산,0.043413
11545630,남구로,0.012911
11545630,대림,0.016619
11545630,가산디지털단지,0.019569
11545640,가산디지털단지,0.007986
11545640,구로디지털단지,0.087272
11545640,금천구청,0.119499
11545640,남구로,0.001289
11545640,독산,0.777978
11545640,신대방,0.005976
11545670,금천구청,0.980031
11545670,독산,0.016159
11545670,석수,0.00381
11545680,금천구청,0.481069
11545680,석수,0.518931
11545690,관악,0.000467
11545690,금천구청,0.003851
11545690,석수,0.995682
11545700,금천구청,0.910512
11545700,독산,0.089488
11545710,금천구청,0.480925
11545710,석수,0.519075
11560515,영등포,0.380751
11560515,신길,0.486354
11560515,영등포시장,0.059398
11560515,문래,0.028487
11560515,대방,0.035274
11560515,서울지방병무청,0.009736
11560535,영등포시장,0.278479
11560535,영등포,0.196815
11560535,신길,0.270009
11560535,영등포구청,0.164295
11560535,국회의사당,0.039563
11560535,문래,0.050839
11560540,여의나루,0.329107
11560540,여의도,0.379653
11560540,국회의사당,0.110702
11560540,샛강,0.109506
11560540,신길,0.044711
11560540,대방,0.026321
11560550,영등포구청,0.680443
11560550,문래,0.145871
11560550,영등포시장,0.078652
11560550,당산,0.074931
11560550,영등포,0.015883
11560550,선유도,0.004219
11560560,당산,0.807412
11560560,선유도,0.060079
11560560,영등포구청,0.103495
11560560,영등포시장,0.020073
11560560,국회의사당,0.007579
11560560,문래,0.001363
11560585,신도림,0.617857
11560585,영등포,0.177809
11560585,문래,0.120773
11560585,신풍,0.042195
11560585,영등포시장,0.013306
11560585,신길,0.02806
11560605,문래,0.374277
11560605,도림천,0.043043
11560605,신도림,0.355366
11560605,영등포구청,0.199174
11560605,영등포시장,0.013079
11560605,영등포,0.015061
11560610,영등포구청,0.727588
11560610,문래,0.147226
11560610,오목교,0.083279
11560610,도림천,0.020973
11560610,선유도,0.012526
11560610,영등포시장,0.008407
11560620,신목동,0.421967
11560620,선유도,0.426723
11560620,염창,0.030121
11560620,당산,0.115577
11560620,영등포구청,0.003382
11560620,합정,0.00223
11560630,대방,0.32579
11560630,신길,0.37176
11560630,서울지방병무청,0.063104
11560630,샛강,0.104231
11560630,여의도,0.096916
11560630,영등포,0.0382
11560650,신풍,0.360141
11560650,영등포,0.210654
11560650,신도림,0.25407
11560650,보라매,0.079003
11560650,서울지방병무청,0.019818
11560650,신길,0.076314
11560660,신풍,0.193723
11560660,서울지방병무청,0.11751
11560660,보라매,0.253481
11560660,영등포,0.124899
11560660,신길,0.216547
11560660,대방,0.093839
11560670,신풍,0.571742
11560670,대림,0.196637
11560670,보라매공원,0.031142
11560670,보라매,0.115116
11560670,신도림,0.076986
11560670,서울지방병무청,0.008377
11560680,신풍,0.306741
11560680,보라매공원,0.123761
11560680,보라매,0.469245
11560680,서울지방병무청,0.035273
11560680,보라매병원,0.027107
11560680,신대방,0.037872
11560690,서울지방병무청,0.217344
11560690,보라매,0.43531
11560690,대방,0.193411
11560690,신대방삼거리,0.071857
11560690,신풍,0.057933
11560690,보라매공원,0.024145
11560700,신풍,0.163397
11560700,대림,0.502485
11560700,신대방,0.136566
11560700,구로디지털단지,0.133699
11560700,보라매공원,0.033366
11560700,보라매,0.030487
11560710,대림,0.619808
11560710,구로디지털단지,0.27222
11560710,신대방,0.056515
11560710,남구로,0.035656
11560710,신풍,0.013475
11560710,보라매공원,0.002327
11560720,대림,0.594105
11560720,신풍,0.07829
11560720,신도림,0.278099
11560720,구로,0.036755
11560720,구로디지털단지,0.007402
11560720,남구로,0.005348
11590510,노들,0.396242
11590510,노량진,0.473642
11590510,상도,0.061888
11590510,장승배기,0.034767
11590510,흑석,0.031405
11590510,숭실대입구,0.002057
11590520,노량진,0.603635
11590520,장승배기,0.139209
11590520,샛강,0.104325
11590520,대방,0.106178
11590520,상도,0.02476
11590520,노들,0.021893
11590530,숭실대입구,0.620596
11590530,상도,0.30861
11590530,장승배기,0.023125
11590530,흑석,0.028578
11590530,노들,0.015647
11590530,서울대입구,0.003444
11590540,장승배기,0.411099
11590540,상도,0.305784
11590540,노량진,0.185431
11590540,신대방삼거리,0.035534
11590540,숭실대입구,0.033217
11590540,노들,0.028935
11590550,신대방삼거리,0.449353
11590550,당곡,0.100359
11590550,보라매병원,0.097648
11590550,장승배기,0.14932
11590550,보라매,0.177941
11590550,보라매공원,0.02538
11590560,장승배기,0.350077
11590560,상도,0.322539
11590560,신대방삼거리,0.145773
11590560,숭실대입구,0.14091
11590560,당곡,0.026879
11590560,보라매병원,0.013822
11590605,흑석,0.699915
11590605,노들,0.109992
11590605,숭실대입구,0.057749
11590605,상도,0.048546
11590605,동작,0.082885
11590605,장승배기,0.000912
11590620,사당,0.514327
11590620,이수,0.108013
11590620,남성,0.099127
11590620,총신대입구,0.24281
11590620,낙성대,0.032633
11590620,내방,0.003089
11590630,동작,0.75849
11590630,구반포,0.090648
11590630,총신대입구,0.096669
11590630,남성,0.024358
11590630,이수,0.020554
11590630,흑석,0.009282
11590640,남성,0.460611
11590640,총신대입구,0.362449
11590640,이수,0.113225
11590640,낙성대,0.031986
11590640,사당,0.025866
11590640,숭실대입구,0.005863
11590650,남성,0.309696
11590650,낙성대,0.254756
11590650,사당,0.223267
11590650,이수,0.06207
11590650,총신대입구,0.138774
11590650,서울대입구,0.011437
11590651,남성,0.514664
11590651,낙성대,0.246361
11590651,서울대입구,0.121219
11590651,이수,0.026382
11590651,총신대입구,0.071301
11590651,숭실대입구,0.020073
11590660,서울지방병무청,0.167114
11590660,대방,0.392645
11590660,신대방삼거리,0.118235
11590660,장승배기,0.068712
11590660,보라매,0.151157
11590660,샛강,0.102137
11590670,신대방,0.540399
11590670,보라매공원,0.082065
11590670,구로디지털단지,0.188657
11590670,신풍,0.064358
11590670,보라매병원,0.027259
11590670,대림,0.097261
11590680,보라매병원,0.169464
11590680,보라매공원,0.170837
11590680,보라매,0.385788
11590680,당곡,0.084322
11590680,신대방삼거리,0.105708
11590680,신대방,0.08388
11620525,당곡,0.179812
11620525,신림,0.594079
11620525,보라매병원,0.086426
11620525,신대방삼거리,0.061525
11620525,봉천,0.061691
11620525,서원,0.016466
11620545,숭실대입구,0.378759
11620545,서울대입구,0.319184
11620545,남성,0.192726
11620545,낙성대,0.082728
11620545,봉천,0.017974
11620545,상도,0.00863
11620565,숭실대입구,0.390453
11620565,서울대입구,0.373215
11620565,봉천,0.191718
11620565,상도,0.029075
11620565,낙성대,0.010082
11620565,남성,0.005456
11620575,낙성대,0.50993
11620575,서울대입구,0.362628
11620575,남성,0.112637
11620575,봉천,0.010513
11620575,숭실대입구,0.003202
11620575,관악산,0.00109
11620585,낙성대,0.789563
11620585,관악산,0.130511
11620585,서울대입구,0.067973
11620585,사당,0.008071
11620585,남성,0.002651
11620585,봉천,0.00123
11620595,봉천,0.45654
11620595,서울대입구,0.374296
11620595,관악산,0.068183
11620595,서원,0.053453
11620595,서울대벤처타운,0.031047
11620595,낙성대,0.01648
11620605,봉천,0.56891
11620605,서울대입구,0.119185
11620605,신림,0.233854
11620605,서원,0.035532
11620605,당곡,0.020948
11620605,숭실대입구,0.021571
11620615,서울대입구,0.633358
11620615,봉천,0.293959
11620615,숭실대입구,0.028929
11620615,낙성대,0.036102
11620615,서원,0.004839
11620615,관악산,0.002813
11620625,낙성대,0.801413
11620625,사당,0.131621
11620625,남성,0.036699
11620625,서울대입구,0.026617
11620625,관악산,0.001558
11620625,이수,0.002091
11620630,낙성대,0.017966
11620630,남태령,0.720882
11620630,사당,0.261152
11620645,서원,0.182007
11620645,신림,0.575941
11620645,봉천,0.171861
11620645,서울대벤처타운,0.045727
11620645,당곡,0.021298
11620645,보라매병원,0.003167
11620655,서원,0.168026
11620655,신림,0.702696
11620655,서울대벤처타운,0.051056
11620655,당곡,0.027456
11620655,봉천,0.031318
11620655,신대방,0.019448
11620665,서울대벤처타운,0.303239
11620665,관악산,0.186022
11620665,서원,0.200088
11620665,봉천,0.205545
11620665,서울대입구,0.035867
11620665,신림,0.069239
11620685,신대방,0.44148
11620685,당곡,0.073496
11620685,보라매병원,0.071231
11620685,신림,0.335135
11620685,보라매공원,0.049175
11620685,구로디지털단지,0.029483
11620695,신림,0.719554
11620695,당곡,0.133872
11620695,보라매병원,0.067982
11620695,서원,0.029684
11620695,보라매공원,0.015694
11620695,신대방,0.033214
11620715,관악산,0.006848
11620715,금천구청,0.174798
11620715,서울대벤처타운,0.775905
11620715,서원,0.042449
11620725,구로디지털단지,0.567203
11620725,신대방,0.361653
11620725,대림,0.060259
11620725,보라매공원,0.004696
11620725,남구로,0.004325
11620725,보라매병원,0.001864
11620735,관악산,0.928188
11620735,낙성대,0.007918
11620735,서울대벤처타운,0.05962
11620735,서울대입구,0.002623
11620735,서원,0.001651
11620745,관악산,0.18099
11620745,서울대벤처타운,0.791024
11620745,서원,0.027985
11620765,신대방,0.446688
11620765,구로디지털단지,0.180659
11620765,신림,0.277242
11620765,서원,0.055413
11620765,서울대벤처타운,0.030753
11620765,당곡,0.009244
11620775,서울대벤처타운,0.542022
11620775,서원,0.238925
11620775,신림,0.195429
11620775,신대방,0.018315
11620775,관악산,0.003741
11620775,당곡,0.001567
11650510,남부터미널,0.340842
11650510,교대,0.379679
11650510,서초,0.052709
11650510,양재,0.096596
11650510,강남,0.129352
11650510,사평,0.000823
11650520,양재,0.444476
11650520,강남,0.415819
11650520,남부터미널,0.051338
11650520,교대,0.071551
11650520,역삼,0.013134
11650520,매봉,0.003682
11650530,남부터미널,0.299682
11650530,서초,0.258941
11650530,교대,0.342879
11650530,방배,0.079071
11650530,내방,0.016505
11650530,강남,0.002922
11650531,강남,0.47373
11650531,사평,0.064176
11650531,신논현,0.221342
11650531,교대,0.214001
11650531,반포,0.012206
11650531,서초,0.014544
11650540,잠원,0.205218
11650540,신사,0.503478
11650540,논현,0.210846
11650540,반포,0.054998
11650540,한남,0.016433
11650540,사평,0.009026
11650550,구반포,0.354875
11650550,신반포,0.178337
11650550,동작,0.422752
11650550,고속터미널,0.040607
11650550,서빙고,0.002634
11650550,내방,0.000794
11650560,사평,0.159464
11650560,반포,0.110104
11650560,신논현,0.283869
11650560,논현,0.247396
11650560,잠원,0.042887
11650560,고속터미널,0.15628
11650570,신반포,0.357144
11650570,고속터미널,0.490289
11650570,구반포,0.107084
11650570,반포,0.010952
11650570,동작,0.029484
11650570,잠원,0.005048
11650580,잠원,0.165582
11650580,고속터미널,0.605074
11650580,반포,0.114334
11650580,신반포,0.065379
11650580,사평,0.018894
11650580,신사,0.030738
11650581,고속터미널,0.639764
11650581,신반포,0.13687
11650581,서초,0.079984
11650581,사평,0.024831
11650581,교대,0.097275
11650581,반포,0.021276
11650590,구반포,0.329495
11650590,내방,0.110389
11650590,총신대입구,0.233262
11650590,동작,0.19915
11650590,신반포,0.07779
11650590,이수,0.049915
11650600,내방,0.323191
11650600,방배,0.47063
11650600,총신대입구,0.102739
11650600,이수,0.032194
11650600,서초,0.045337
11650600,사당,0.025909
11650610,사당,0.753586
11650610,남태령,0.121779
11650610,방배,0.070492
11650610,이수,0.017088
11650610,총신대입구,0.030846
11650610,내방,0.006209
11650620,방배,0.715928
11650620,남태령,0.074685
11650620,사당,0.15834
11650620,내방,0.033886
11650620,이수,0.005659
11650620,총신대입구,0.011501
11650621,내방,0.353327
11650621,총신대입구,0.38973
11650621,이수,0.102113
11650621,방배,0.094802
11650621,구반포,0.042628
11650621,서초,0.0174
11650651,남부터미널,0.099506
11650651,방배,0.000712
11650651,선바위,0.000158
11650651,양재,0.107834
11650651,양재시민의숲,0.79179
11650652,양재시민의숲,0.004151
11650652,청계산입구,0.995849
11650660,청계산입구,0.990106
11650660,양재시민의숲,0.005527
11650660,일원,0.002929
11650660,구룡,0.000837
11650660,개포동,0.00046
11650660,대모산입구,0.000141
11680510,압구정,0.524639
11680510,신사,0.338567
11680510,한남,0.069617
11680510,학동,0.020643
11680510,논현,0.037455
11680510,잠원,0.009079
11680521,논현,0.401374
11680521,학동,0.148945
11680521,신사,0.196057
11680521,언주,0.053822
11680521,신논현,0.189078
11680521,사평,0.010723
11680531,학동,0.192552
11680531,강남구청,0.491071
11680531,선정릉,0.226248
11680531,언주,0.047378
11680531,논현,0.030377
11680531,압구정,0.012374
11680545,압구정로데오,0.42089
11680545,압구정,0.496084
11680545,강남구청,0.063094
11680545,학동,0.008826
11680545,서울숲,0.004778
11680545,옥수,0.006328
11680565,청담,0.400984
11680565,압구정로데오,0.194329
11680565,강남구청,0.312983
11680565,삼성중앙,0.051623
11680565,봉은사,0.028392
11680565,자양,0.011689
11680580,봉은사,0.3843
11680580,삼성중앙,0.193935
11680580,삼성,0.214379
11680580,청담,0.122347
11680580,종합운동장,0.056828
11680580,선정릉,0.028211
11680590,삼성중앙,0.125888
11680590,선정릉,0.398953
11680590,선릉,0.207702
11680590,청담,0.052038
11680590,강남구청,0.186803
11680590,봉은사,0.028617
11680600,도곡,0.526511
11680600,대치,0.182938
11680600,한티,0.104136
11680600,구룡,0.082043
11680600,개포동,0.068198
11680600,학여울,0.036175
11680610,학여울,0.37064
11680610,대치,0.287497
11680610,삼성,0.211224
11680610,대모산입구,0.055268
11680610,개포동,0.037372
11680610,한티,0.038
11680630,한티,0.126793
11680630,선릉,0.637699
11680630,삼성,0.067323
11680630,대치,0.047199
11680630,도곡,0.094623
11680630,삼성중앙,0.026362
11680640,역삼,0.276461
11680640,언주,0.067976
11680640,강남,0.441072
11680640,신논현,0.100814
11680640,선릉,0.067965
11680640,선정릉,0.045712
11680650,선릉,0.536201
11680650,한티,0.10091
11680650,역삼,0.194354
11680650,도곡,0.074282
11680650,매봉,0.025859
11680650,선정릉,0.068394
11680655,매봉,0.235833
11680655,양재,0.571068
11680655,도곡,0.072028
11680655,한티,0.019052
11680655,역삼,0.034504
11680655,강남,0.067514
11680656,매봉,0.298795
11680656,도곡,0.493753
11680656,구룡,0.070639
11680656,한티,0.063231
11680656,양재,0.059432
11680656,대치,0.01415
11680660,구룡,0.439787
11680660,개포동,0.285384
11680660,대모산입구,0.051283
11680660,도곡,0.181875
11680660,대치,0.027136
11680660,일원,0.014535
11680670,개포동,0.319528
11680670,대모산입구,0.171059
11680670,구룡,0.172047
11680670,대치,0.115759
11680670,학여울,0.057088
11680670,도곡,0.164518
11680675,대청,0.493836
11680675,대모산입구,0.181196
11680675,학여울,0.213864
11680675,삼전,0.059217
11680675,일원,0.028244
11680675,개포동,0.023644
11680690,구룡,0.190404
11680690,매봉,0.253961
11680690,양재시민의숲,0.348192
11680690,도곡,0.132072
11680690,개포동,0.014846
11680690,양재,0.060524
11680700,가락시장,0.002128
11680700,문정,0.011375
11680700,복정,0.264935
11680700,수서,0.666505
11680700,일원,0.015824
11680700,장지,0.039234
11680720,일원,0.844768
11680720,대청,0.060159
11680720,대모산입구,0.028502
11680720,수서,0.060078
11680720,개포동,0.004835
11680720,학여울,0.001659
11680730,대청,0.333385
11680730,일원,0.126815
11680730,석촌고분,0.122237
11680730,수서,0.283802
11680730,삼전,0.1053
11680730,대모산입구,0.02846
11680750,수서,0.972717
11680750,일원,0.010256
11680750,가락시장,0.010854
11680750,송파,0.002624
11680750,석촌고분,0.002788
11680750,문정,0.00076
11710510,천호,0.776936
11710510,강동구청,0.101009
11710510,광나루,0.094987
11710510,강동,0.016178
11710510,암사,0.003602
11710510,강변,0.007288
11710520,강동구청,0.303167
11710520,잠실새내,0.206386
11710520,잠실나루,0.233308
11710520,몽촌토성,0.058858
11710520,강변,0.062415
11710520,천호,0.135865
11710531,거여,0.512266
11710531,개롱,0.26173
11710531,마천,0.113905
11710531,오금,0.0816
11710531,경찰병원,0.028167
11710531,문정,0.002333
11710532,거여,0.574059
11710532,마천,0.359043
11710532,개롱,0.059342
11710532,오금,0.005429
11710532,경찰병원,0.001864
11710532,문정,0.000263
11710540,개롱,0.004378
11710540,거여,0.179329
11710540,마천,0.816294
11710550,마천,0.688493
11710550,거여,0.257531
11710550,개롱,0.046004
11710550,오금,0.007441
11710550,둔촌오륜,0.000364
11710550,방이,0.000166
11710561,방이,0.219756
11710561,송파나루,0.142892
11710561,한성백제,0.123712
11710561,오금,0.231668
11710561,올림픽공원,0.2438
11710561,몽촌토성,0.038173
11710562,송파나루,0.238656
11710562,한성백제,0.208287
11710562,몽촌토성,0.156566
11710562,잠실,0.255069
11710562,석촌,0.123783
11710562,방이,0.01764
11710566,올림픽공원,0.794577
11710566,둔촌오륜,0.09054
11710566,방이,0.03792
11710566,한성백제,0.049342
11710566,둔촌동,0.014095
11710566,몽촌토성,0.013525
11710570,오금,0.661988
11710570,개롱,0.137704
11710570,방이,0.083202
11710570,경찰병원,0.040451
11710570,올림픽공원,0.06786
11710570,거여,0.008795
11710580,석촌,0.504942
11710580,송파나루,0.176047
11710580,송파,0.068232
11710580,잠실,0.201089
11710580,한성백제,0.028558
11710580,몽촌토성,0.021133
11710590,송파,0.240563
11710590,석촌,0.318215
11710590,송파나루,0.108436
11710590,오금,0.203907
11710590,경찰병원,0.084555
11710590,방이,0.044324
11710600,석촌,0.563884
11710600,석촌고분,0.193223
11710600,송파,0.072768
11710600,송파나루,0.027919
11710600,잠실,0.124733
11710600,삼전,0.017474
11710610,석촌고분,0.437559
11710610,삼전,0.402818
11710610,석촌,0.081292
11710610,대청,0.023362
11710610,잠실,0.043393
11710610,수서,0.011576
11710620,경찰병원,0.255409
11710620,가락시장,0.400089
11710620,오금,0.235396
11710620,송파,0.074587
11710620,개롱,0.017784
11710620,문정,0.016733
11710631,송파,0.23858
11710631,가락시장,0.299167
11710631,수서,0.216101
11710631,석촌,0.190353
11710631,석촌고분,0.034038
11710631,경찰병원,0.021762
11710632,개롱,0.164612
11710632,경찰병원,0.264267
11710632,오금,0.398889
11710632,가락시장,0.13125
11710632,거여,0.021118
11710632,문정,0.019864
11710641,문정,0.298978
11710641,경찰병원,0.185511
11710641,가락시장,0.396023
11710641,장지,0.068865
11710641,개롱,0.021843
11710641,오금,0.028779
11710642,문정,0.354476
11710642,장지,0.333259
11710642,복정,0.131457
11710642,가락시장,0.149458
11710642,경찰병원,0.009415
11710642,수서,0.021935
11710646,장지,0.484966
11710646,문정,0.299127
11710646,복정,0.113131
11710646,경찰병원,0.02956
11710646,거여,0.01364
11710646,가락시장,0.059576
11710647,거여,0.355198
11710647,장지,0.38267
11710647,문정,0.071671
11710647,복정,0.141909
11710647,마천,0.03034
11710647,개롱,0.018211
11710650,삼전,0.420646
11710650,종합운동장,0.481572
11710650,석촌고분,0.037824
11710650,대청,0.029642
11710650,학여울,0.022688
11710650,삼성,0.007628
11710670,종합운동장,0.954221
11710670,삼전,0.01404
11710670,봉은사,0.01141
11710670,삼성,0.014453
11710670,자양,0.003985
11710670,뚝섬유원지,0.001891
11710680,잠실,0.77635
11710680,잠실새내,0.057164
11710680,잠실나루,0.063936
11710680,삼전,0.039372
11710680,석촌고분,0.028353
11710680,석촌,0.034826
11710690,잠실나루,0.276009
11710690,잠실새내,0.24184
11710690,몽촌토성,0.122622
11710690,한성백제,0.067379
11710690,잠실,0.270598
11710690,송파나루,0.021551
11710710,잠실새내,0.200517
11710710,잠실나루,0.225272
11710710,잠실,0.537671
11710710,몽촌토성,0.022157
11710710,송파나루,0.00753
11710710,한성백제,0.006853
11710720,종합운동장,0.791671
11710720,삼성,0.115898
11710720,삼전,0.039423
11710720,학여울,0.032134
11710720,봉은사,0.015313
11710720,대청,0.005561
11740515,강일,0.665331
11740515,고덕,0.002638
11740515,미사,0.045343
11740515,상일동,0.286688
11740525,강일,0.113457
11740525,고덕,0.241978
11740525,굽은다리,0.002385
11740525,명일,0.007209
11740525,상일동,0.63497
11740526,강일,0.766786
11740526,고덕,0.002008
11740526,미사,0.005935
11740526,상일동,0.225023
11740526,하남풍산,0.000248
11740530,명일,0.486797
11740530,굽은다리,0.297641
11740530,고덕,0.145038
11740530,암사역사공원,0.046515
11740530,길동,0.019209
11740530,암사,0.004799
11740540,고덕,0.459317
11740540,명일,0.26873
11740540,굽은다리,0.208747
11740540,상일동,0.044715
11740540,길동,0.014065
11740540,암사역사공원,0.004426
11740550,고덕,0.712022
11740550,암사역사공원,0.07761
11740550,명일,0.139784
11740550,상일동,0.064167
11740550,굽은다리,0.005787
11740550,강일,0.00063
11740560,강일,0.12256
11740560,고덕,0.182415
11740560,명일,0.001141
11740560,상일동,0.693665
11740560,암사역사공원,0.000218
11740570,암사역사공원,0.23668
11740570,암사,0.25741
11740570,명일,0.301636
11740570,굽은다리,0.181232
11740570,길동,0.016337
11740570,고덕,0.006704
11740580,광나루,0.003184
11740580,굽은다리,0.002979
11740580,명일,0.012594
11740580,암사,0.769341
11740580,암사역사공원,0.20131
11740580,천호,0.010591
11740590,고덕,0.046137
11740590,굽은다리,0.013133
11740590,명일,0.204387
11740590,상일동,0.000106
11740590,암사,0.023103
11740590,암사역사공원,0.713135
11740600,굽은다리,0.461656
11740600,명일,0.245671
11740600,길동,0.154968
11740600,암사,0.054868
11740600,암사역사공원,0.029697
11740600,강동,0.05314
11740610,천호,0.770066
11740610,암사,0.152649
11740610,강동,0.051049
11740610,강동구청,0.00805
11740610,광나루,0.011714
11740610,길동,0.006471
11740620,강동,0.366381
11740620,길동,0.225017
11740620,천호,0.30881
11740620,굽은다리,0.069683
11740620,암사,0.018345
11740620,둔촌동,0.011764
11740640,강동구청,0.335551
11740640,둔촌동,0.089137
11740640,강동,0.191987
11740640,천호,0.31814
11740640,올림픽공원,0.052197
11740640,둔촌오륜,0.012989
11740650,강동,0.307956
11740650,천호,0.528335
11740650,강동구청,0.086941
11740650,둔촌동,0.030965
11740650,길동,0.044193
11740650,암사,0.00161
11740660,둔촌동,0.372226
11740660,강동,0.339856
11740660,둔촌오륜,0.098622
11740660,강동구청,0.057561
11740660,길동,0.089436
11740660,중앙보훈병원,0.0423
11740685,길동,0.471935
11740685,굽은다리,0.348507
11740685,중앙보훈병원,0.047179
11740685,강동,0.073836
11740685,명일,0.051239
11740685,둔촌동,0.007304
11740690,둔촌오륜,0.436152
11740690,둔촌동,0.202348
11740690,중앙보훈병원,0.134281
11740690,올림픽공원,0.195838
11740690,강동,0.019992
11740690,길동,0.011389
11740700,중앙보훈병원,0.59098
11740700,길동,0.236252
11740700,둔촌동,0.080747
11740700,강동,0.056387
11740700,둔촌오륜,0.017157
11740700,굽은다리,0.018477
28177000,인하대,0.094686
28177000,도화,0.230872
28177000,시민공원,0.141055
28177000,제물포,0.181259
28177000,주안,0.315044
28177000,석바위시장,0.037085
28185000,인천대입구,0.178504
28185000,테크노파크,0.193743
28185000,캠퍼스타운,0.200049
28185000,센트럴파크,0.154887
28185000,지식정보단지,0.165852
28185000,국제업무지구,0.106965
28200000,남동구청,0.182203
28200000,선학,0.201535
28200000,문학경기장,0.196763
28200000,인천터미널,0.178738
28200000,만수,0.124191
28200000,모래내시장,0.11657
28237000,부평시장,0.11604
28237000,부평,0.440101
28237000,부평구청,0.165211
28237000,동수,0.122127
28237000,굴포천,0.063208
28237000,부개,0.093312
28245000,박촌,0.1651
28245000,귤현,0.154565
28245000,임학,0.132081
28245000,계양,0.378703
28245000,계산,0.109282
28245000,경인교대입구,0.060269
28710000,검단오류,0.032934
28710000,구래,0.29282
28710000,마산,0.092962
28710000,양촌,0.581284
28720000,용유,1.0
41111000,성균관대,0.567485
41111000,화서,0.327492
41111000,광교,0.075963
41111000,의왕,0.015008
41111000,광교중앙,0.003422
41111000,수원,0.01063
41113000,고색,0.117206
41113000,수원,0.592777
41113000,오목천,0.057412
41113000,화서,0.140536
41113000,매교,0.044653
41113000,세류,0.047416
41115000,매교,0.440963
41115000,수원,0.449255
41115000,수원시청,0.066523
41115000,화서,0.042327
41115000,광교중앙,0.000585
41115000,매탄권선,0.000348
41117000,광교중앙,0.519686
41117000,청명,0.130462
41117000,수원시청,0.109899
41117000,매탄권선,0.082784
41117000,상현,0.080235
41117000,영통,0.076934
41131000,태평,0.19304
41131000,모란,0.508466
41131000,가천대,0.146129
41131000,수진,0.071687
41131000,야탑,0.052236
41131000,신흥,0.028442
41133000,단대오거리,0.309039
41133000,신흥,0.249969
41133000,남한산성입구,0.158757
41133000,수진,0.161039
41133000,산성,0.042474
41133000,모란,0.078722
41135000,수내,0.091244
41135000,정자,0.355685
41135000,서현,0.067756
41135000,판교,0.322102
41135000,성남,0.042247
41135000,이매,0.120967
41150000,동오,0.206012
41150000,새말,0.195839
41150000,경기도청북부청사,0.177999
41150000,어룡,0.152116
41150000,송산,0.140506
41150000,발곡,0.127528
41171000,안양,0.531979
41171000,관악,0.328163
41171000,광명,0.014324
41171000,명학,0.077007
41171000,석수,0.034185
41171000,범계,0.014343
41173000,평촌,0.399606
41173000,범계,0.326215
41173000,인덕원,0.14131
41173000,명학,0.077354
41173000,안양,0.032425
41173000,금정,0.023091
41192000,신중동,0.226341
41192000,춘의,0.188761
41192000,부천시청,0.096892
41192000,부천종합운동장,0.267268
41192000,부천,0.123724
41192000,중동,0.097014
41194000,소새울,0.128709
41194000,소사,0.723635
41194000,부천,0.088727
41194000,역곡,0.055894
41194000,시흥대야,0.001096
41194000,온수,0.001939
41196000,원종,0.603849
41196000,부천종합운동장,0.307799
41196000,춘의,0.044681
41196000,까치울,0.025236
41196000,신중동,0.015485
41196000,부천시청,0.00295
41210000,금천구청,0.372116
41210000,독산,0.245629
41210000,철산,0.15063
41210000,석수,0.145853
41210000,광명,0.012278
41210000,광명사거리,0.073494
41220000,평택지제,0.29147
41220000,서정리,0.299195
41220000,송탄,0.195958
41220000,평택,0.156312
41220000,진위,0.050007
41220000,오산,0.007058
41250000,보산,0.289984
41250000,동두천,0.227347
41250000,동두천중앙,0.232966
41250000,지행,0.155461
41250000,소요산,0.093371
41250000,덕정,0.000871
41271000,상록수,0.213613
41271000,한대앞,0.430189
41271000,중앙,0.188654
41271000,반월,0.081563
41271000,사리,0.039318
41271000,고잔,0.046662
41273000,원시,0.093405
41273000,정왕,0.383879
41273000,능길,0.320636
41273000,오이도,0.102165
41273000,시우,0.017146
41273000,안산,0.08277
41281000,원흥,0.230719
41281000,삼송,0.196971
41281000,지축,0.25558
41281000,원당,0.146638
41281000,구파발,0.089794
41281000,화정,0.080298
41285000,풍산,0.358446
41285000,백마,0.206586
41285000,일산,0.180611
41285000,정발산,0.10579
41285000,주엽,0.074515
41285000,마두,0.074051
41287000,대화,0.61817
41287000,주엽,0.18162
41287000,탄현,0.072617
41287000,일산,0.093275
41287000,정발산,0.020804
41287000,운양,0.013514
41290000,대공원,0.269531
41290000,과천,0.268878
41290000,경마공원,0.178711
41290000,정부과천청사,0.186317
41290000,선바위,0.084514
41290000,남태령,0.012048
41310000,구리,0.418464
41310000,도농,0.070108
41310000,신내,0.373548
41310000,다산,0.05197
41310000,망우,0.072541
41310000,봉화산,0.01337
41360000,평내호평,0.2432
41360000,천마산,0.182979
41360000,금곡,0.183133
41360000,사릉,0.13337
41360000,마석,0.11196
41360000,오남,0.145357
41370000,병점,0.00413
41370000,서동탄,0.009664
41370000,세마,0.170554
41370000,오산,0.235313
41370000,오산대,0.579919
41370000,진위,0.00042
41390000,시흥시청,0.24796
41390000,신현,0.21586
41390000,시흥능곡,0.19245
41390000,달월,0.144194
41390000,월곶,0.127437
41390000,소래포구,0.0721
41410000,수리산,0.347793
41410000,대야미,0.204763
41410000,산본,0.170538
41410000,당정,0.143254
41410000,군포,0.101926
41410000,의왕,0.031728
41430000,군포,0.272606
41430000,금정,0.348982
41430000,평촌,0.103079
41430000,당정,0.14941
41430000,인덕원,0.063184
41430000,범계,0.062738
41450000,하남시청,0.172586
41450000,양평,0.529151
41450000,하남검단산,0.137664
41450000,하남풍산,0.10283
41450000,팔당,0.018476
41450000,미사,0.039292
41461000,용인중앙시장,0.203824
41461000,고진,0.183647
41461000,김량장,0.18463
41461000,명지대,0.16415
41461000,보평,0.131676
41461000,시청·용인대,0.132074
41463000,강남대,0.176629
41463000,기흥,0.373266
41463000,상갈,0.109538
41463000,지석,0.147067
41463000,어정,0.106735
41463000,신갈,0.086765
41465000,성복,0.26585
41465000,수지구청,0.251219
41465000,동천,0.168782
41465000,죽전,0.096258
41465000,오리,0.087763
41465000,미금,0.130128
41480000,문산,0.246145
41480000,운천,0.187259
41480000,파주,0.205995
41480000,임진강,0.125186
41480000,월롱,0.160173
41480000,금촌,0.075242
41500000,부발,0.508928
41500000,이천,0.397414
41500000,세종대왕릉,0.051277
41500000,신둔도예촌,0.032531
41500000,여주,0.009139
41500000,곤지암,0.000711
41550000,평택,0.424237
41550000,평택지제,0.280144
41550000,서정리,0.102491
41550000,송탄,0.094919
41550000,진위,0.073898
41550000,용인중앙시장,0.02431
41570000,구래,0.240611
41570000,양촌,0.193772
41570000,마산,0.208752
41570000,장기,0.165878
41570000,운양,0.150316
41570000,걸포북변,0.04067
41610000,초월,0.370393
41610000,경기광주,0.330249
41610000,곤지암,0.161199
41610000,삼동,0.107275
41610000,신둔도예촌,0.011087
41610000,단대오거리,0.019797
41630000,덕계,0.259365
41630000,양주,0.235768
41630000,덕정,0.153381
41630000,녹양,0.163737
41630000,가능,0.105857
41630000,흥선,0.081892
41650000,청산,0.260803
41650000,전곡,0.169422
41650000,소요산,0.190962
41650000,동두천,0.138549
41650000,보산,0.13112
41650000,동두천중앙,0.109144
41670000,여주,0.463526
41670000,세종대왕릉,0.437577
41670000,부발,0.074881
41670000,이천,0.016694
41670000,신둔도예촌,0.004517
41670000,지평,0.002805
41800000,연천,0.562925
41800000,전곡,0.269285
41800000,청산,0.128669
41800000,소요산,0.024786
41800000,동두천,0.009577
41800000,보산,0.004758
41820000,가평,0.35106
41820000,상천,0.384083
41820000,청평,0.219723
41820000,대성리,0.038491
41820000,마석,0.003838
41820000,천마산,0.002805
41830000,용문,0.268763
41830000,원덕,0.23682
41830000,지평,0.193083
41830000,오빈,0.173392
41830000,아신,0.096036
41830000,국수,0.031907
